suite,id_or_dynamic_prefix,class,wrapper,line,functions,function_files
XSPM,MT.1085,OK clean 1 ID : 1 function : no params,tests/XSPM/Test-XspmCriticalAssetManagement.Tests.ps1,11,Test-MtXspmPendingApprovalCriticalAssetManagement,powershell/public/xspm/Test-MtXspmPendingApprovalCriticalAssetManagement.ps1
XSPM,MT.1086,OK clean 1 ID : 1 function : no params,tests/XSPM/Test-XspmDevices.Tests.ps1,13,Test-MtXspmCriticalCredsOnDevicesWithNonCriticalAccounts,powershell/public/xspm/Test-MtXspmCriticalCredsOnDevicesWithNonCriticalAccounts.ps1
XSPM,MT.1087,OK clean 1 ID : 1 function : no params,tests/XSPM/Test-XspmDevices.Tests.ps1,18,Test-MtXspmPublicRemotelyExploitableHighExposureDevices,powershell/public/xspm/Test-MtXspmPublicRemotelyExploitableHighExposureDevices.ps1
XSPM,MT.1088,OK clean 1 ID : 1 function : no params,tests/XSPM/Test-XspmDevices.Tests.ps1,23,Test-MtXspmCriticalCredentialsOnNonTpmProtectedDevices,powershell/public/xspm/Test-MtXspmCriticalCredentialsOnNonTpmProtectedDevices.ps1
XSPM,MT.1089,OK clean 1 ID : 1 function : no params,tests/XSPM/Test-XspmDevices.Tests.ps1,28,Test-MtXspmCriticalCredentialsOnNonCredGuardProtectedDevices,powershell/public/xspm/Test-MtXspmCriticalCredentialsOnNonCredGuardProtectedDevices.ps1
XSPM,MT.1077,OK clean 1 ID : 1 function : no params,tests/XSPM/Test-XspmPrivilegedIdentities.Tests.ps1,11,Test-MtXspmAppRegWithPrivilegedApiAndOwners,powershell/public/xspm/Test-MtXspmAppRegWithPrivilegedApiAndOwners.ps1
XSPM,MT.1078,OK clean 1 ID : 1 function : no params,tests/XSPM/Test-XspmPrivilegedIdentities.Tests.ps1,15,Test-MtXspmAppRegWithPrivilegedRolesAndOwners,powershell/public/xspm/Test-MtXspmAppRegWithPrivilegedRolesAndOwners.ps1
XSPM,MT.1079,OK clean 1 ID : 1 function : no params,tests/XSPM/Test-XspmPrivilegedIdentities.Tests.ps1,19,Test-MtXspmAppRegWithPrivilegedUnusedPermissions,powershell/public/xspm/Test-MtXspmAppRegWithPrivilegedUnusedPermissions.ps1
XSPM,MT.1080,OK clean 1 ID : 1 function : no params,tests/XSPM/Test-XspmPrivilegedIdentities.Tests.ps1,22,Test-MtXspmExposedCredentialsForPrivilegedUsers,powershell/public/xspm/Test-MtXspmExposedCredentialsForPrivilegedUsers.ps1
XSPM,MT.1081,OK clean 1 ID : 1 function : no params,tests/XSPM/Test-XspmPrivilegedIdentities.Tests.ps1,26,Test-MtXspmHybridUsersWithAssignedEntraIdRoles,powershell/public/xspm/Test-MtXspmHybridUsersWithAssignedEntraIdRoles.ps1
XSPM,MT.1111,OK clean 1 ID : 1 function : no params,tests/XSPM/Test-XspmPrivilegedIdentities.Tests.ps1,30,Test-MtXspmPrivilegedUsersLinkedToIdentity,powershell/public/xspm/Test-MtXspmPrivilegedUsersLinkedToIdentity.ps1
XSPM,MT.1112,OK clean 1 ID : 1 function : no params,tests/XSPM/Test-XspmPrivilegedIdentities.Tests.ps1,34,Test-MtXspmEnabledPrivilegedUsersLinkedToDisabledIdentity,powershell/public/xspm/Test-MtXspmEnabledPrivilegedUsersLinkedToDisabledIdentity.ps1
ad,AD-PWDPOL-06,OK clean 1 ID : 1 function : no params,tests/ad/passwordpolicy/Test-MtAdAccountLockoutDuration.Tests.ps1,2,Test-MtAdAccountLockoutDuration,powershell/public/ad/passwordpolicy/Test-MtAdAccountLockoutDuration.ps1
ad,AD-PWDPOL-07,OK clean 1 ID : 1 function : no params,tests/ad/passwordpolicy/Test-MtAdAccountLockoutThreshold.Tests.ps1,2,Test-MtAdAccountLockoutThreshold,powershell/public/ad/passwordpolicy/Test-MtAdAccountLockoutThreshold.ps1
ad,AD-FGPP-04,OK clean 1 ID : 1 function : no params,tests/ad/passwordpolicy/Test-MtAdFineGrainedPolicyAppliesTo.Tests.ps1,2,Test-MtAdFineGrainedPolicyAppliesTo,powershell/public/ad/passwordpolicy/Test-MtAdFineGrainedPolicyAppliesTo.ps1
ad,AD-FGPP-01,OK clean 1 ID : 1 function : no params,tests/ad/passwordpolicy/Test-MtAdFineGrainedPolicyCount.Tests.ps1,2,Test-MtAdFineGrainedPolicyCount,powershell/public/ad/passwordpolicy/Test-MtAdFineGrainedPolicyCount.ps1
ad,AD-FGPP-03,OK clean 1 ID : 1 function : no params,tests/ad/passwordpolicy/Test-MtAdFineGrainedPolicySettingCounts.Tests.ps1,2,Test-MtAdFineGrainedPolicySettingCounts,powershell/public/ad/passwordpolicy/Test-MtAdFineGrainedPolicySettingCounts.ps1
ad,AD-FGPP-02,OK clean 1 ID : 1 function : no params,tests/ad/passwordpolicy/Test-MtAdFineGrainedPolicyValueCount.Tests.ps1,2,Test-MtAdFineGrainedPolicyValueCount,powershell/public/ad/passwordpolicy/Test-MtAdFineGrainedPolicyValueCount.ps1
ad,AD-PWDPOL-04,OK clean 1 ID : 1 function : no params,tests/ad/passwordpolicy/Test-MtAdPasswordComplexityRequired.Tests.ps1,2,Test-MtAdPasswordComplexityRequired,powershell/public/ad/passwordpolicy/Test-MtAdPasswordComplexityRequired.ps1
ad,AD-PWDPOL-01,OK clean 1 ID : 1 function : no params,tests/ad/passwordpolicy/Test-MtAdPasswordHistoryCount.Tests.ps1,2,Test-MtAdPasswordHistoryCount,powershell/public/ad/passwordpolicy/Test-MtAdPasswordHistoryCount.ps1
ad,AD-PWDPOL-02,OK clean 1 ID : 1 function : no params,tests/ad/passwordpolicy/Test-MtAdPasswordMaxAge.Tests.ps1,2,Test-MtAdPasswordMaxAge,powershell/public/ad/passwordpolicy/Test-MtAdPasswordMaxAge.ps1
ad,AD-PWDPOL-03,OK clean 1 ID : 1 function : no params,tests/ad/passwordpolicy/Test-MtAdPasswordMinLength.Tests.ps1,2,Test-MtAdPasswordMinLength,powershell/public/ad/passwordpolicy/Test-MtAdPasswordMinLength.ps1
ad,AD-PWDPOL-05,OK clean 1 ID : 1 function : no params,tests/ad/passwordpolicy/Test-MtAdPasswordReversibleEncryption.Tests.ps1,2,Test-MtAdPasswordReversibleEncryption,powershell/public/ad/passwordpolicy/Test-MtAdPasswordReversibleEncryption.ps1
ad,AD-GPOL-05,OK clean 1 ID : 1 function : no params,tests/ad/gpo/Test-MtAdGpoBlockedInheritanceCount.Tests.ps1,2,Test-MtAdGpoBlockedInheritanceCount,powershell/public/ad/gpo/Test-MtAdGpoBlockedInheritanceCount.ps1
ad,AD-GPO-03,OK clean 1 ID : 1 function : no params,tests/ad/gpo/Test-MtAdGpoChangedBefore2020Count.Tests.ps1,2,Test-MtAdGpoChangedBefore2020Count,powershell/public/ad/gpo/Test-MtAdGpoChangedBefore2020Count.ps1
ad,AD-GPO-02,OK clean 1 ID : 1 function : no params,tests/ad/gpo/Test-MtAdGpoCreatedBefore2020Count.Tests.ps1,2,Test-MtAdGpoCreatedBefore2020Count,powershell/public/ad/gpo/Test-MtAdGpoCreatedBefore2020Count.ps1
ad,AD-GPOL-02,E4 one function serves several IDs (parameterised),tests/ad/gpo/Test-MtAdGpoDisabledLinkCount.Tests.ps1,2,Test-MtAdGpoDisabledLinkCount,powershell/public/ad/gpo/Test-MtAdGpoDisabledLinkCount.ps1
ad,AD-GPOL-04,OK clean 1 ID : 1 function : no params,tests/ad/gpo/Test-MtAdGpoEnforcedCount.Tests.ps1,2,Test-MtAdGpoEnforcedCount,powershell/public/ad/gpo/Test-MtAdGpoEnforcedCount.ps1
ad,AD-GPOL-01,OK clean 1 ID : 1 function : no params,tests/ad/gpo/Test-MtAdGpoLinkedCount.Tests.ps1,2,Test-MtAdGpoLinkedCount,powershell/public/ad/gpo/Test-MtAdGpoLinkedCount.ps1
ad,AD-GPOL-06,OK clean 1 ID : 1 function : no params,tests/ad/gpo/Test-MtAdGpoLinkedOUCount.Tests.ps1,2,Test-MtAdGpoLinkedOUCount,powershell/public/ad/gpo/Test-MtAdGpoLinkedOUCount.ps1
ad,AD-GPO-01,OK clean 1 ID : 1 function : no params,tests/ad/gpo/Test-MtAdGpoTotalCount.Tests.ps1,2,Test-MtAdGpoTotalCount,powershell/public/ad/gpo/Test-MtAdGpoTotalCount.ps1
ad,AD-GPO-04,OK clean 1 ID : 1 function : no params,tests/ad/gpo/Test-MtAdGpoUnlinkedCount.Tests.ps1,2,Test-MtAdGpoUnlinkedCount,powershell/public/ad/gpo/Test-MtAdGpoUnlinkedCount.ps1
ad,AD-GPO-05,OK clean 1 ID : 1 function : no params,tests/ad/gpo/Test-MtAdGpoUnlinkedDetails.Tests.ps1,2,Test-MtAdGpoUnlinkedDetails,powershell/public/ad/gpo/Test-MtAdGpoUnlinkedDetails.ps1
ad,AD-GPOL-03,OK clean 1 ID : 1 function : no params,tests/ad/gpo/Test-MtAdGpoUnlinkedTargetCount.Tests.ps1,2,Test-MtAdGpoUnlinkedTargetCount,powershell/public/ad/gpo/Test-MtAdGpoUnlinkedTargetCount.ps1
ad,AD-CFG-09,OK clean 1 ID : 1 function : no params,tests/ad/config/Test-MtAdAdActivationObjectsCount.Tests.ps1,2,Test-MtAdAdActivationObjectsCount,powershell/public/ad/config/Test-MtAdAdActivationObjectsCount.ps1
ad,AD-CFG-08,OK clean 1 ID : 1 function : no params,tests/ad/config/Test-MtAdAuthNPolicyConfigCount.Tests.ps1,2,Test-MtAdAuthNPolicyConfigCount,powershell/public/ad/config/Test-MtAdAuthNPolicyConfigCount.ps1
ad,AD-CFG-13,OK clean 1 ID : 1 function : no params,tests/ad/config/Test-MtAdCertificateTemplatesCount.Tests.ps1,2,Test-MtAdCertificateTemplatesCount,powershell/public/ad/config/Test-MtAdCertificateTemplatesCount.ps1
ad,AD-CFG-20,OK clean 1 ID : 1 function : no params,tests/ad/config/Test-MtAdCrlDistributionPointsCount.Tests.ps1,2,Test-MtAdCrlDistributionPointsCount,powershell/public/ad/config/Test-MtAdCrlDistributionPointsCount.ps1
ad,AD-CFG-07,OK clean 1 ID : 1 function : no params,tests/ad/config/Test-MtAdDefaultQueryPolicy.Tests.ps1,2,Test-MtAdDefaultQueryPolicy,powershell/public/ad/config/Test-MtAdDefaultQueryPolicy.ps1
ad,AD-CFG-02,OK clean 1 ID : 1 function : no params,tests/ad/config/Test-MtAdDsHeuristicsCount.Tests.ps1,2,Test-MtAdDsHeuristicsCount,powershell/public/ad/config/Test-MtAdDsHeuristicsCount.ps1
ad,AD-CFG-15,OK clean 1 ID : 1 function : no params,tests/ad/config/Test-MtAdEnrollmentCaCertificateDetails.Tests.ps1,2,Test-MtAdEnrollmentCaCertificateDetails,powershell/public/ad/config/Test-MtAdEnrollmentCaCertificateDetails.ps1
ad,AD-CFG-14,OK clean 1 ID : 1 function : no params,tests/ad/config/Test-MtAdEnrollmentTemplatesCount.Tests.ps1,2,Test-MtAdEnrollmentTemplatesCount,powershell/public/ad/config/Test-MtAdEnrollmentTemplatesCount.ps1
ad,AD-CFG-12,OK clean 1 ID : 1 function : no params,tests/ad/config/Test-MtAdEnterpriseCaCount.Tests.ps1,2,Test-MtAdEnterpriseCaCount,powershell/public/ad/config/Test-MtAdEnterpriseCaCount.ps1
ad,AD-CFG-18,OK clean 1 ID : 1 function : no params,tests/ad/config/Test-MtAdIntermediateCaCount.Tests.ps1,2,Test-MtAdIntermediateCaCount,powershell/public/ad/config/Test-MtAdIntermediateCaCount.ps1
ad,AD-CFG-19,OK clean 1 ID : 1 function : no params,tests/ad/config/Test-MtAdIntermediateCaDetails.Tests.ps1,2,Test-MtAdIntermediateCaDetails,powershell/public/ad/config/Test-MtAdIntermediateCaDetails.ps1
ad,AD-CFG-24,OK clean 1 ID : 1 function : no params,tests/ad/config/Test-MtAdIpSiteLinksCount.Tests.ps1,2,Test-MtAdIpSiteLinksCount,powershell/public/ad/config/Test-MtAdIpSiteLinksCount.ps1
ad,AD-CFG-22,OK clean 1 ID : 1 function : no params,tests/ad/config/Test-MtAdKdsRootKeysCount.Tests.ps1,2,Test-MtAdKdsRootKeysCount,powershell/public/ad/config/Test-MtAdKdsRootKeysCount.ps1
ad,AD-CFG-06,OK clean 1 ID : 1 function : no params,tests/ad/config/Test-MtAdLdapQueryPolicyCount.Tests.ps1,2,Test-MtAdLdapQueryPolicyCount,powershell/public/ad/config/Test-MtAdLdapQueryPolicyCount.ps1
ad,AD-CFG-21,OK clean 1 ID : 1 function : no params,tests/ad/config/Test-MtAdNtAuthCertificatesCount.Tests.ps1,2,Test-MtAdNtAuthCertificatesCount,powershell/public/ad/config/Test-MtAdNtAuthCertificatesCount.ps1
ad,AD-CFG-04,OK clean 1 ID : 1 function : no params,tests/ad/config/Test-MtAdOptionalFeaturesCount.Tests.ps1,2,Test-MtAdOptionalFeaturesCount,powershell/public/ad/config/Test-MtAdOptionalFeaturesCount.ps1
ad,AD-CFG-05,OK clean 1 ID : 1 function : no params,tests/ad/config/Test-MtAdRecycleBinEnabledPaths.Tests.ps1,2,Test-MtAdRecycleBinEnabledPaths,powershell/public/ad/config/Test-MtAdRecycleBinEnabledPaths.ps1
ad,AD-CFG-11,OK clean 1 ID : 1 function : no params,tests/ad/config/Test-MtAdRegisteredDhcpServersCount.Tests.ps1,2,Test-MtAdRegisteredDhcpServersCount,powershell/public/ad/config/Test-MtAdRegisteredDhcpServersCount.ps1
ad,AD-CFG-23,OK clean 1 ID : 1 function : no params,tests/ad/config/Test-MtAdSmtpSiteLinksCount.Tests.ps1,2,Test-MtAdSmtpSiteLinksCount,powershell/public/ad/config/Test-MtAdSmtpSiteLinksCount.ps1
ad,AD-CFG-03,OK clean 1 ID : 1 function : no params,tests/ad/config/Test-MtAdSpnMappings.Tests.ps1,2,Test-MtAdSpnMappings,powershell/public/ad/config/Test-MtAdSpnMappings.ps1
ad,AD-CFG-01,OK clean 1 ID : 1 function : no params,tests/ad/config/Test-MtAdTombstoneLifetimeConfig.Tests.ps1,2,Test-MtAdTombstoneLifetimeConfig,powershell/public/ad/config/Test-MtAdTombstoneLifetimeConfig.ps1
ad,AD-CFG-16,OK clean 1 ID : 1 function : no params,tests/ad/config/Test-MtAdTrustedRootCaCount.Tests.ps1,2,Test-MtAdTrustedRootCaCount,powershell/public/ad/config/Test-MtAdTrustedRootCaCount.ps1
ad,AD-CFG-17,OK clean 1 ID : 1 function : no params,tests/ad/config/Test-MtAdTrustedRootCaDetails.Tests.ps1,2,Test-MtAdTrustedRootCaDetails,powershell/public/ad/config/Test-MtAdTrustedRootCaDetails.ps1
ad,AD-CFG-10,OK clean 1 ID : 1 function : no params,tests/ad/config/Test-MtAdWellKnownSecurityPrincipalsCount.Tests.ps1,2,Test-MtAdWellKnownSecurityPrincipalsCount,powershell/public/ad/config/Test-MtAdWellKnownSecurityPrincipalsCount.ps1
ad,AD-DCOMP-07,OK clean 1 ID : 1 function : no params,tests/ad/security/Test-MtAdComputerDnsHostNameCount.Tests.ps1,2,Test-MtAdComputerDnsHostNameCount,powershell/public/ad/security/Test-MtAdComputerDnsHostNameCount.ps1
ad,AD-DCOMP-08,OK clean 1 ID : 1 function : no params,tests/ad/security/Test-MtAdComputerDnsZoneCount.Tests.ps1,2,Test-MtAdComputerDnsZoneCount,powershell/public/ad/security/Test-MtAdComputerDnsZoneCount.ps1
ad,AD-DCOMP-09,OK clean 1 ID : 1 function : no params,tests/ad/security/Test-MtAdComputerDnsZoneDetails.Tests.ps1,2,Test-MtAdComputerDnsZoneDetails,powershell/public/ad/security/Test-MtAdComputerDnsZoneDetails.ps1
ad,AD-DCOMP-03,OK clean 1 ID : 1 function : no params,tests/ad/security/Test-MtAdComputerNonDcConstrainedDelegationCount.Tests.ps1,2,Test-MtAdComputerNonDcConstrainedDelegationCount,powershell/public/ad/security/Test-MtAdComputerNonDcConstrainedDelegationCount.ps1
ad,AD-DCOMP-02,OK clean 1 ID : 1 function : no params,tests/ad/security/Test-MtAdComputerNonDcUnconstrainedDelegationCount.Tests.ps1,2,Test-MtAdComputerNonDcUnconstrainedDelegationCount,powershell/public/ad/security/Test-MtAdComputerNonDcUnconstrainedDelegationCount.ps1
ad,AD-DCOMP-04,OK clean 1 ID : 1 function : no params,tests/ad/security/Test-MtAdComputerOperatingSystemCount.Tests.ps1,2,Test-MtAdComputerOperatingSystemCount,powershell/public/ad/security/Test-MtAdComputerOperatingSystemCount.ps1
ad,AD-DCOMP-05,OK clean 1 ID : 1 function : no params,tests/ad/security/Test-MtAdComputerOperatingSystemDetails.Tests.ps1,2,Test-MtAdComputerOperatingSystemDetails,powershell/public/ad/security/Test-MtAdComputerOperatingSystemDetails.ps1
ad,AD-DCOMP-06,OK clean 1 ID : 1 function : no params,tests/ad/security/Test-MtAdComputerStaleEnabledCount.Tests.ps1,2,Test-MtAdComputerStaleEnabledCount,powershell/public/ad/security/Test-MtAdComputerStaleEnabledCount.ps1
ad,AD-DCOMP-01,OK clean 1 ID : 1 function : no params,tests/ad/security/Test-MtAdComputerUnconstrainedDelegationCount.Tests.ps1,2,Test-MtAdComputerUnconstrainedDelegationCount,powershell/public/ad/security/Test-MtAdComputerUnconstrainedDelegationCount.ps1
ad,AD-KRBTGT-02,OK clean 1 ID : 1 function : no params,tests/ad/security/Test-MtAdKrbtgtLastLogon.Tests.ps1,2,Test-MtAdKrbtgtLastLogon,powershell/public/ad/security/Test-MtAdKrbtgtLastLogon.ps1
ad,AD-KRBTGT-03,OK clean 1 ID : 1 function : no params,tests/ad/security/Test-MtAdKrbtgtNonStandardUacCount.Tests.ps1,2,Test-MtAdKrbtgtNonStandardUacCount,powershell/public/ad/security/Test-MtAdKrbtgtNonStandardUacCount.ps1
ad,AD-KRBTGT-01,OK clean 1 ID : 1 function : no params,tests/ad/security/Test-MtAdKrbtgtPasswordLastSet.Tests.ps1,2,Test-MtAdKrbtgtPasswordLastSet,powershell/public/ad/security/Test-MtAdKrbtgtPasswordLastSet.ps1
ad,AD-MSA-01,OK clean 1 ID : 1 function : no params,tests/ad/security/Test-MtAdManagedServiceAccountCount.Tests.ps1,2,Test-MtAdManagedServiceAccountCount,powershell/public/ad/security/Test-MtAdManagedServiceAccountCount.ps1
ad,AD-GRP-01,OK clean 1 ID : 1 function : no params,tests/ad/group/Test-MtAdGroupAdminCount.Tests.ps1,2,Test-MtAdGroupAdminCount,powershell/public/ad/group/Test-MtAdGroupAdminCount.ps1
ad,AD-GCHG-01,OK clean 1 ID : 1 function : no params,tests/ad/group/Test-MtAdGroupChangeAveragePerYear.Tests.ps1,2,Test-MtAdGroupChangeAveragePerYear,powershell/public/ad/group/Test-MtAdGroupChangeAveragePerYear.ps1
ad,AD-GRP-06,OK clean 1 ID : 1 function : no params,tests/ad/group/Test-MtAdGroupDistributionCount.Tests.ps1,2,Test-MtAdGroupDistributionCount,powershell/public/ad/group/Test-MtAdGroupDistributionCount.ps1
ad,AD-GRP-08,OK clean 1 ID : 1 function : no params,tests/ad/group/Test-MtAdGroupDomainLocalCount.Tests.ps1,2,Test-MtAdGroupDomainLocalCount,powershell/public/ad/group/Test-MtAdGroupDomainLocalCount.ps1
ad,AD-GMC-08,OK clean 1 ID : 1 function : no params,tests/ad/group/Test-MtAdGroupEmptyNonPrivilegedCount.Tests.ps1,2,Test-MtAdGroupEmptyNonPrivilegedCount,powershell/public/ad/group/Test-MtAdGroupEmptyNonPrivilegedCount.ps1
ad,AD-GMC-09,OK clean 1 ID : 1 function : no params,tests/ad/group/Test-MtAdGroupEmptyNonPrivilegedDetails.Tests.ps1,2,Test-MtAdGroupEmptyNonPrivilegedDetails,powershell/public/ad/group/Test-MtAdGroupEmptyNonPrivilegedDetails.ps1
ad,AD-GRP-09,OK clean 1 ID : 1 function : no params,tests/ad/group/Test-MtAdGroupGlobalCount.Tests.ps1,2,Test-MtAdGroupGlobalCount,powershell/public/ad/group/Test-MtAdGroupGlobalCount.ps1
ad,AD-GRP-02,OK clean 1 ID : 1 function : no params,tests/ad/group/Test-MtAdGroupInContainerCount.Tests.ps1,2,Test-MtAdGroupInContainerCount,powershell/public/ad/group/Test-MtAdGroupInContainerCount.ps1
ad,AD-GMC-02,OK clean 1 ID : 1 function : no params,tests/ad/group/Test-MtAdGroupMemberAccountTypeCount.Tests.ps1,2,Test-MtAdGroupMemberAccountTypeCount,powershell/public/ad/group/Test-MtAdGroupMemberAccountTypeCount.ps1
ad,AD-GMC-03,OK clean 1 ID : 1 function : no params,tests/ad/group/Test-MtAdGroupMemberAccountTypeDetails.Tests.ps1,2,Test-MtAdGroupMemberAccountTypeDetails,powershell/public/ad/group/Test-MtAdGroupMemberAccountTypeDetails.ps1
ad,AD-GMC-01,OK clean 1 ID : 1 function : no params,tests/ad/group/Test-MtAdGroupMemberDistinctGroupCount.Tests.ps1,2,Test-MtAdGroupMemberDistinctGroupCount,powershell/public/ad/group/Test-MtAdGroupMemberDistinctGroupCount.ps1
ad,AD-GMC-06,OK clean 1 ID : 1 function : no params,tests/ad/group/Test-MtAdGroupMemberForeignSidCount.Tests.ps1,2,Test-MtAdGroupMemberForeignSidCount,powershell/public/ad/group/Test-MtAdGroupMemberForeignSidCount.ps1
ad,AD-GMC-07,OK clean 1 ID : 1 function : no params,tests/ad/group/Test-MtAdGroupMemberForeignSidDetails.Tests.ps1,2,Test-MtAdGroupMemberForeignSidDetails,powershell/public/ad/group/Test-MtAdGroupMemberForeignSidDetails.ps1
ad,AD-GMC-04,OK clean 1 ID : 1 function : no params,tests/ad/group/Test-MtAdGroupMemberTrustCount.Tests.ps1,2,Test-MtAdGroupMemberTrustCount,powershell/public/ad/group/Test-MtAdGroupMemberTrustCount.ps1
ad,AD-GMC-05,OK clean 1 ID : 1 function : no params,tests/ad/group/Test-MtAdGroupMemberTrustDetails.Tests.ps1,2,Test-MtAdGroupMemberTrustDetails,powershell/public/ad/group/Test-MtAdGroupMemberTrustDetails.ps1
ad,AD-GMC-10,OK clean 1 ID : 1 function : no params,tests/ad/group/Test-MtAdGroupPrivilegedWithMembersCount.Tests.ps1,2,Test-MtAdGroupPrivilegedWithMembersCount,powershell/public/ad/group/Test-MtAdGroupPrivilegedWithMembersCount.ps1
ad,AD-GMC-11,OK clean 1 ID : 1 function : no params,tests/ad/group/Test-MtAdGroupPrivilegedWithMembersDetails.Tests.ps1,2,Test-MtAdGroupPrivilegedWithMembersDetails,powershell/public/ad/group/Test-MtAdGroupPrivilegedWithMembersDetails.ps1
ad,AD-GRP-07,OK clean 1 ID : 1 function : no params,tests/ad/group/Test-MtAdGroupSecurityCount.Tests.ps1,2,Test-MtAdGroupSecurityCount,powershell/public/ad/group/Test-MtAdGroupSecurityCount.ps1
ad,AD-GRP-05,OK clean 1 ID : 1 function : no params,tests/ad/group/Test-MtAdGroupSidHistoryCount.Tests.ps1,2,Test-MtAdGroupSidHistoryCount,powershell/public/ad/group/Test-MtAdGroupSidHistoryCount.ps1
ad,AD-GRP-03,OK clean 1 ID : 1 function : no params,tests/ad/group/Test-MtAdGroupStaleCount.Tests.ps1,2,Test-MtAdGroupStaleCount,powershell/public/ad/group/Test-MtAdGroupStaleCount.ps1
ad,AD-GRP-10,OK clean 1 ID : 1 function : no params,tests/ad/group/Test-MtAdGroupUniversalCount.Tests.ps1,2,Test-MtAdGroupUniversalCount,powershell/public/ad/group/Test-MtAdGroupUniversalCount.ps1
ad,AD-GRP-04,OK clean 1 ID : 1 function : no params,tests/ad/group/Test-MtAdGroupWithManagerCount.Tests.ps1,2,Test-MtAdGroupWithManagerCount,powershell/public/ad/group/Test-MtAdGroupWithManagerCount.ps1
ad,AD-DC-05,OK clean 1 ID : 1 function : no params,tests/ad/domaincontroller/Test-MtAdDcAllFsmoRolesCount.Tests.ps1,2,Test-MtAdDcAllFsmoRolesCount,powershell/public/ad/domaincontroller/Test-MtAdDcAllFsmoRolesCount.ps1
ad,AD-DC-06,OK clean 1 ID : 1 function : no params,tests/ad/domaincontroller/Test-MtAdDcFsmoRoleHolderDetails.Tests.ps1,2,Test-MtAdDcFsmoRoleHolderDetails,powershell/public/ad/domaincontroller/Test-MtAdDcFsmoRoleHolderDetails.ps1
ad,AD-DCD-04,OK clean 1 ID : 1 function : no params,tests/ad/domaincontroller/Test-MtAdDcNonGlobalCatalogCount.Tests.ps1,2,Test-MtAdDcNonGlobalCatalogCount,powershell/public/ad/domaincontroller/Test-MtAdDcNonGlobalCatalogCount.ps1
ad,AD-DCD-01,OK clean 1 ID : 1 function : no params,tests/ad/domaincontroller/Test-MtAdDcNonStandardLdapPortCount.Tests.ps1,2,Test-MtAdDcNonStandardLdapPortCount,powershell/public/ad/domaincontroller/Test-MtAdDcNonStandardLdapPortCount.ps1
ad,AD-DCD-02,OK clean 1 ID : 1 function : no params,tests/ad/domaincontroller/Test-MtAdDcNonStandardLdapsPortCount.Tests.ps1,2,Test-MtAdDcNonStandardLdapsPortCount,powershell/public/ad/domaincontroller/Test-MtAdDcNonStandardLdapsPortCount.ps1
ad,AD-DC-07,OK clean 1 ID : 1 function : no params,tests/ad/domaincontroller/Test-MtAdDcOperatingSystemCount.Tests.ps1,2,Test-MtAdDcOperatingSystemCount,powershell/public/ad/domaincontroller/Test-MtAdDcOperatingSystemCount.ps1
ad,AD-DC-08,OK clean 1 ID : 1 function : no params,tests/ad/domaincontroller/Test-MtAdDcOperatingSystemDetails.Tests.ps1,2,Test-MtAdDcOperatingSystemDetails,powershell/public/ad/domaincontroller/Test-MtAdDcOperatingSystemDetails.ps1
ad,AD-DCD-03,OK clean 1 ID : 1 function : no params,tests/ad/domaincontroller/Test-MtAdDcReadOnlyCount.Tests.ps1,2,Test-MtAdDcReadOnlyCount,powershell/public/ad/domaincontroller/Test-MtAdDcReadOnlyCount.ps1
ad,AD-DC-01,OK clean 1 ID : 1 function : no params,tests/ad/domaincontroller/Test-MtAdDcSiteCoverageCount.Tests.ps1,2,Test-MtAdDcSiteCoverageCount,powershell/public/ad/domaincontroller/Test-MtAdDcSiteCoverageCount.ps1
ad,AD-DC-04,OK clean 1 ID : 1 function : no params,tests/ad/domaincontroller/Test-MtAdDcSmbSigningEnabledCount.Tests.ps1,2,Test-MtAdDcSmbSigningEnabledCount,powershell/public/ad/domaincontroller/Test-MtAdDcSmbSigningEnabledCount.ps1
ad,AD-DC-02,OK clean 1 ID : 1 function : no params,tests/ad/domaincontroller/Test-MtAdDcSmbv1EnabledCount.Tests.ps1,2,Test-MtAdDcSmbv1EnabledCount,powershell/public/ad/domaincontroller/Test-MtAdDcSmbv1EnabledCount.ps1
ad,AD-DC-03,OK clean 1 ID : 1 function : no params,tests/ad/domaincontroller/Test-MtAdDcSmbv311EnabledCount.Tests.ps1,2,Test-MtAdDcSmbv311EnabledCount,powershell/public/ad/domaincontroller/Test-MtAdDcSmbv311EnabledCount.ps1
ad,AD-PRINT-01,OK clean 1 ID : 1 function : no params,tests/ad/printer/Test-MtAdPrinterTotalCount.Tests.ps1,2,Test-MtAdPrinterTotalCount,powershell/public/ad/printer/Test-MtAdPrinterTotalCount.ps1
ad,AD-USER-11,OK clean 1 ID : 1 function : no params,tests/ad/user/Test-MtAdUserAdminCountCount.Tests.ps1,2,Test-MtAdUserAdminCountCount,powershell/public/ad/user/Test-MtAdUserAdminCountCount.ps1
ad,AD-USER-22,OK clean 1 ID : 1 function : no params,tests/ad/user/Test-MtAdUserBuiltInAdminCount.Tests.ps1,2,Test-MtAdUserBuiltInAdminCount,powershell/public/ad/user/Test-MtAdUserBuiltInAdminCount.ps1
ad,AD-USER-23,OK clean 1 ID : 1 function : no params,tests/ad/user/Test-MtAdUserBuiltInAdminEnabledDetails.Tests.ps1,2,Test-MtAdUserBuiltInAdminEnabledDetails,powershell/public/ad/user/Test-MtAdUserBuiltInAdminEnabledDetails.ps1
ad,AD-USER-24,OK clean 1 ID : 1 function : no params,tests/ad/user/Test-MtAdUserBuiltInAdminLastLogonDetails.Tests.ps1,2,Test-MtAdUserBuiltInAdminLastLogonDetails,powershell/public/ad/user/Test-MtAdUserBuiltInAdminLastLogonDetails.ps1
ad,AD-USER-25,OK clean 1 ID : 1 function : no params,tests/ad/user/Test-MtAdUserBuiltInAdminPasswordAgeDetails.Tests.ps1,2,Test-MtAdUserBuiltInAdminPasswordAgeDetails,powershell/public/ad/user/Test-MtAdUserBuiltInAdminPasswordAgeDetails.ps1
ad,AD-USER-05,OK clean 1 ID : 1 function : no params,tests/ad/user/Test-MtAdUserDelegationAllowedCount.Tests.ps1,2,Test-MtAdUserDelegationAllowedCount,powershell/public/ad/user/Test-MtAdUserDelegationAllowedCount.ps1
ad,AD-USER-28,OK clean 1 ID : 1 function : no params,tests/ad/user/Test-MtAdUserDelegationConfiguredCount.Tests.ps1,2,Test-MtAdUserDelegationConfiguredCount,powershell/public/ad/user/Test-MtAdUserDelegationConfiguredCount.ps1
ad,AD-USER-29,OK clean 1 ID : 1 function : no params,tests/ad/user/Test-MtAdUserDelegationDetails.Tests.ps1,2,Test-MtAdUserDelegationDetails,powershell/public/ad/user/Test-MtAdUserDelegationDetails.ps1
ad,AD-USER-01,OK clean 1 ID : 1 function : no params,tests/ad/user/Test-MtAdUserDisabledCount.Tests.ps1,2,Test-MtAdUserDisabledCount,powershell/public/ad/user/Test-MtAdUserDisabledCount.ps1
ad,AD-USER-02,OK clean 1 ID : 1 function : no params,tests/ad/user/Test-MtAdUserDormantEnabledCount.Tests.ps1,2,Test-MtAdUserDormantEnabledCount,powershell/public/ad/user/Test-MtAdUserDormantEnabledCount.ps1
ad,AD-USER-16,OK clean 1 ID : 1 function : no params,tests/ad/user/Test-MtAdUserHomeDirectoryCount.Tests.ps1,2,Test-MtAdUserHomeDirectoryCount,powershell/public/ad/user/Test-MtAdUserHomeDirectoryCount.ps1
ad,AD-USER-26,OK clean 1 ID : 1 function : no params,tests/ad/user/Test-MtAdUserHoneyPotCount.Tests.ps1,2,Test-MtAdUserHoneyPotCount,powershell/public/ad/user/Test-MtAdUserHoneyPotCount.ps1
ad,AD-USER-27,OK clean 1 ID : 1 function : no params,tests/ad/user/Test-MtAdUserHoneyPotDetails.Tests.ps1,2,Test-MtAdUserHoneyPotDetails,powershell/public/ad/user/Test-MtAdUserHoneyPotDetails.ps1
ad,AD-USER-19,OK clean 1 ID : 1 function : no params,tests/ad/user/Test-MtAdUserInContainerCount.Tests.ps1,2,Test-MtAdUserInContainerCount,powershell/public/ad/user/Test-MtAdUserInContainerCount.ps1
ad,AD-USER-06,OK clean 1 ID : 1 function : no params,tests/ad/user/Test-MtAdUserKerberosDesOnlyCount.Tests.ps1,2,Test-MtAdUserKerberosDesOnlyCount,powershell/public/ad/user/Test-MtAdUserKerberosDesOnlyCount.ps1
ad,AD-USER-20,OK clean 1 ID : 1 function : no params,tests/ad/user/Test-MtAdUserKnownServiceAccountCount.Tests.ps1,2,Test-MtAdUserKnownServiceAccountCount,powershell/public/ad/user/Test-MtAdUserKnownServiceAccountCount.ps1
ad,AD-USER-21,OK clean 1 ID : 1 function : no params,tests/ad/user/Test-MtAdUserKnownServiceAccountDetails.Tests.ps1,2,Test-MtAdUserKnownServiceAccountDetails,powershell/public/ad/user/Test-MtAdUserKnownServiceAccountDetails.ps1
ad,AD-USER-15,OK clean 1 ID : 1 function : no params,tests/ad/user/Test-MtAdUserManagerSetCount.Tests.ps1,2,Test-MtAdUserManagerSetCount,powershell/public/ad/user/Test-MtAdUserManagerSetCount.ps1
ad,AD-USER-08,OK clean 1 ID : 1 function : no params,tests/ad/user/Test-MtAdUserNeverLoggedInCount.Tests.ps1,2,Test-MtAdUserNeverLoggedInCount,powershell/public/ad/user/Test-MtAdUserNeverLoggedInCount.ps1
ad,AD-USER-12,OK clean 1 ID : 1 function : no params,tests/ad/user/Test-MtAdUserNonStandardPrimaryGroupCount.Tests.ps1,2,Test-MtAdUserNonStandardPrimaryGroupCount,powershell/public/ad/user/Test-MtAdUserNonStandardPrimaryGroupCount.ps1
ad,AD-USER-07,OK clean 1 ID : 1 function : no params,tests/ad/user/Test-MtAdUserNoPreAuthCount.Tests.ps1,2,Test-MtAdUserNoPreAuthCount,powershell/public/ad/user/Test-MtAdUserNoPreAuthCount.ps1
ad,AD-USER-03,OK clean 1 ID : 1 function : no params,tests/ad/user/Test-MtAdUserPasswordNeverExpiresCount.Tests.ps1,2,Test-MtAdUserPasswordNeverExpiresCount,powershell/public/ad/user/Test-MtAdUserPasswordNeverExpiresCount.ps1
ad,AD-USER-09,OK clean 1 ID : 1 function : no params,tests/ad/user/Test-MtAdUserPasswordNotRequiredCount.Tests.ps1,2,Test-MtAdUserPasswordNotRequiredCount,powershell/public/ad/user/Test-MtAdUserPasswordNotRequiredCount.ps1
ad,AD-USER-17,OK clean 1 ID : 1 function : no params,tests/ad/user/Test-MtAdUserProfilePathCount.Tests.ps1,2,Test-MtAdUserProfilePathCount,powershell/public/ad/user/Test-MtAdUserProfilePathCount.ps1
ad,AD-USER-04,OK clean 1 ID : 1 function : no params,tests/ad/user/Test-MtAdUserReversibleEncryptionCount.Tests.ps1,2,Test-MtAdUserReversibleEncryptionCount,powershell/public/ad/user/Test-MtAdUserReversibleEncryptionCount.ps1
ad,AD-USER-18,OK clean 1 ID : 1 function : no params,tests/ad/user/Test-MtAdUserScriptPathCount.Tests.ps1,2,Test-MtAdUserScriptPathCount,powershell/public/ad/user/Test-MtAdUserScriptPathCount.ps1
ad,AD-USER-13,OK clean 1 ID : 1 function : no params,tests/ad/user/Test-MtAdUserSidHistoryCount.Tests.ps1,2,Test-MtAdUserSidHistoryCount,powershell/public/ad/user/Test-MtAdUserSidHistoryCount.ps1
ad,AD-USER-14,OK clean 1 ID : 1 function : no params,tests/ad/user/Test-MtAdUserSpnSetCount.Tests.ps1,2,Test-MtAdUserSpnSetCount,powershell/public/ad/user/Test-MtAdUserSpnSetCount.ps1
ad,AD-USER-10,OK clean 1 ID : 1 function : no params,tests/ad/user/Test-MtAdUserWorkstationRestrictionCount.Tests.ps1,2,Test-MtAdUserWorkstationRestrictionCount,powershell/public/ad/user/Test-MtAdUserWorkstationRestrictionCount.ps1
ad,AD-SCH-05,OK clean 1 ID : 1 function : no params,tests/ad/schema/Test-MtAdLapsInstalledStatus.Tests.ps1,2,Test-MtAdLapsInstalledStatus,powershell/public/ad/schema/Test-MtAdLapsInstalledStatus.ps1
ad,AD-SCH-01,OK clean 1 ID : 1 function : no params,tests/ad/schema/Test-MtAdSchemaModificationYearCount.Tests.ps1,2,Test-MtAdSchemaModificationYearCount,powershell/public/ad/schema/Test-MtAdSchemaModificationYearCount.ps1
ad,AD-SCH-02,OK clean 1 ID : 1 function : no params,tests/ad/schema/Test-MtAdSchemaModificationYearDetails.Tests.ps1,2,Test-MtAdSchemaModificationYearDetails,powershell/public/ad/schema/Test-MtAdSchemaModificationYearDetails.ps1
ad,AD-SCH-04,OK clean 1 ID : 1 function : no params,tests/ad/schema/Test-MtAdSchemaVersionDetails.Tests.ps1,2,Test-MtAdSchemaVersionDetails,powershell/public/ad/schema/Test-MtAdSchemaVersionDetails.ps1
ad,AD-SCH-03,OK clean 1 ID : 1 function : no params,tests/ad/schema/Test-MtAdSchemaVersionEntryCount.Tests.ps1,2,Test-MtAdSchemaVersionEntryCount,powershell/public/ad/schema/Test-MtAdSchemaVersionEntryCount.ps1
ad,AD-SPN-05,OK clean 1 ID : 1 function : no params,tests/ad/spn/Test-MtAdComputerSpnNonFqdnHosts.Tests.ps1,2,Test-MtAdComputerSpnNonFqdnHosts,powershell/public/ad/spn/Test-MtAdComputerSpnNonFqdnHosts.ps1
ad,AD-SPN-01,OK clean 1 ID : 1 function : no params,tests/ad/spn/Test-MtAdComputerSpnServiceClassCount.Tests.ps1,2,Test-MtAdComputerSpnServiceClassCount,powershell/public/ad/spn/Test-MtAdComputerSpnServiceClassCount.ps1
ad,AD-SPN-02,OK clean 1 ID : 1 function : no params,tests/ad/spn/Test-MtAdComputerSpnServiceClassUsage.Tests.ps1,2,Test-MtAdComputerSpnServiceClassUsage,powershell/public/ad/spn/Test-MtAdComputerSpnServiceClassUsage.ps1
ad,AD-SPN-03,OK clean 1 ID : 1 function : no params,tests/ad/spn/Test-MtAdComputerSpnUnknownCount.Tests.ps1,2,Test-MtAdComputerSpnUnknownCount,powershell/public/ad/spn/Test-MtAdComputerSpnUnknownCount.ps1
ad,AD-SPN-04,OK clean 1 ID : 1 function : no params,tests/ad/spn/Test-MtAdComputerSpnUnknownDetails.Tests.ps1,2,Test-MtAdComputerSpnUnknownDetails,powershell/public/ad/spn/Test-MtAdComputerSpnUnknownDetails.ps1
ad,AD-SPN-12,OK clean 1 ID : 1 function : no params,tests/ad/spn/Test-MtAdUserSpnDomainAdminCount.Tests.ps1,2,Test-MtAdUserSpnDomainAdminCount,powershell/public/ad/spn/Test-MtAdUserSpnDomainAdminCount.ps1
ad,AD-SPN-13,OK clean 1 ID : 1 function : no params,tests/ad/spn/Test-MtAdUserSpnDomainAdminDetails.Tests.ps1,2,Test-MtAdUserSpnDomainAdminDetails,powershell/public/ad/spn/Test-MtAdUserSpnDomainAdminDetails.ps1
ad,AD-SPN-11,OK clean 1 ID : 1 function : no params,tests/ad/spn/Test-MtAdUserSpnNonFqdnHosts.Tests.ps1,2,Test-MtAdUserSpnNonFqdnHosts,powershell/public/ad/spn/Test-MtAdUserSpnNonFqdnHosts.ps1
ad,AD-SPN-07,OK clean 1 ID : 1 function : no params,tests/ad/spn/Test-MtAdUserSpnServiceClassCount.Tests.ps1,2,Test-MtAdUserSpnServiceClassCount,powershell/public/ad/spn/Test-MtAdUserSpnServiceClassCount.ps1
ad,AD-SPN-08,OK clean 1 ID : 1 function : no params,tests/ad/spn/Test-MtAdUserSpnServiceClassUsage.Tests.ps1,2,Test-MtAdUserSpnServiceClassUsage,powershell/public/ad/spn/Test-MtAdUserSpnServiceClassUsage.ps1
ad,AD-SPN-06,OK clean 1 ID : 1 function : no params,tests/ad/spn/Test-MtAdUserSpnTotalCount.Tests.ps1,2,Test-MtAdUserSpnTotalCount,powershell/public/ad/spn/Test-MtAdUserSpnTotalCount.ps1
ad,AD-SPN-09,OK clean 1 ID : 1 function : no params,tests/ad/spn/Test-MtAdUserSpnUnknownCount.Tests.ps1,2,Test-MtAdUserSpnUnknownCount,powershell/public/ad/spn/Test-MtAdUserSpnUnknownCount.ps1
ad,AD-SPN-10,OK clean 1 ID : 1 function : no params,tests/ad/spn/Test-MtAdUserSpnUnknownDetails.Tests.ps1,2,Test-MtAdUserSpnUnknownDetails,powershell/public/ad/spn/Test-MtAdUserSpnUnknownDetails.ps1
ad,AD-GPOS-07,OK clean 1 ID : 1 function : no params,tests/ad/gpostate/Test-MtAdGpoAllSettingsDisabledDetails.Tests.ps1,2,Test-MtAdGpoAllSettingsDisabledDetails,powershell/public/ad/gpostate/Test-MtAdGpoAllSettingsDisabledDetails.ps1
ad,AD-GPOS-05,OK clean 1 ID : 1 function : no params,tests/ad/gpostate/Test-MtAdGpoComputerSettingsDisabledDetails.Tests.ps1,2,Test-MtAdGpoComputerSettingsDisabledDetails,powershell/public/ad/gpostate/Test-MtAdGpoComputerSettingsDisabledDetails.ps1
ad,AD-GPOREP-17,OK clean 1 ID : 1 function : no params,tests/ad/gpostate/Test-MtAdGpoCpasswordFoundCount.Tests.ps1,2,Test-MtAdGpoCpasswordFoundCount,powershell/public/ad/gpostate/Test-MtAdGpoCpasswordFoundCount.ps1
ad,AD-GPOREP-18,OK clean 1 ID : 1 function : no params,tests/ad/gpostate/Test-MtAdGpoCpasswordFoundDetails.Tests.ps1,2,Test-MtAdGpoCpasswordFoundDetails,powershell/public/ad/gpostate/Test-MtAdGpoCpasswordFoundDetails.ps1
ad,AD-GPOREP-19,OK clean 1 ID : 1 function : no params,tests/ad/gpostate/Test-MtAdGpoDefaultPasswordFoundCount.Tests.ps1,2,Test-MtAdGpoDefaultPasswordFoundCount,powershell/public/ad/gpostate/Test-MtAdGpoDefaultPasswordFoundCount.ps1
ad,AD-GPOREP-20,OK clean 1 ID : 1 function : no params,tests/ad/gpostate/Test-MtAdGpoDefaultPasswordFoundDetails.Tests.ps1,2,Test-MtAdGpoDefaultPasswordFoundDetails,powershell/public/ad/gpostate/Test-MtAdGpoDefaultPasswordFoundDetails.ps1
ad,AD-GPOREP-07,OK clean 1 ID : 1 function : no params,tests/ad/gpostate/Test-MtAdGpoDenyAceCount.Tests.ps1,2,Test-MtAdGpoDenyAceCount,powershell/public/ad/gpostate/Test-MtAdGpoDenyAceCount.ps1
ad,AD-GPOREP-08,OK clean 1 ID : 1 function : no params,tests/ad/gpostate/Test-MtAdGpoDenyAceDetails.Tests.ps1,2,Test-MtAdGpoDenyAceDetails,powershell/public/ad/gpostate/Test-MtAdGpoDenyAceDetails.ps1
ad,AD-GPOREP-12,E4 one function serves several IDs (parameterised),tests/ad/gpostate/Test-MtAdGpoDisabledLinkCount.Tests.ps1,2,Test-MtAdGpoDisabledLinkCount,powershell/public/ad/gpo/Test-MtAdGpoDisabledLinkCount.ps1
ad,AD-GPOREP-13,OK clean 1 ID : 1 function : no params,tests/ad/gpostate/Test-MtAdGpoDisabledLinkDetails.Tests.ps1,2,Test-MtAdGpoDisabledLinkDetails,powershell/public/ad/gpostate/Test-MtAdGpoDisabledLinkDetails.ps1
ad,AD-GPOREP-14,OK clean 1 ID : 1 function : no params,tests/ad/gpostate/Test-MtAdGpoEnforcementCount.Tests.ps1,2,Test-MtAdGpoEnforcementCount,powershell/public/ad/gpostate/Test-MtAdGpoEnforcementCount.ps1
ad,AD-GPOREP-09,OK clean 1 ID : 1 function : no params,tests/ad/gpostate/Test-MtAdGpoInheritedPermissionsCount.Tests.ps1,2,Test-MtAdGpoInheritedPermissionsCount,powershell/public/ad/gpostate/Test-MtAdGpoInheritedPermissionsCount.ps1
ad,AD-GPOREP-10,OK clean 1 ID : 1 function : no params,tests/ad/gpostate/Test-MtAdGpoNoApplyGroupPolicyAceCount.Tests.ps1,2,Test-MtAdGpoNoApplyGroupPolicyAceCount,powershell/public/ad/gpostate/Test-MtAdGpoNoApplyGroupPolicyAceCount.ps1
ad,AD-GPOREP-11,OK clean 1 ID : 1 function : no params,tests/ad/gpostate/Test-MtAdGpoNoApplyGroupPolicyAceDetails.Tests.ps1,2,Test-MtAdGpoNoApplyGroupPolicyAceDetails,powershell/public/ad/gpostate/Test-MtAdGpoNoApplyGroupPolicyAceDetails.ps1
ad,AD-GPOREP-03,OK clean 1 ID : 1 function : no params,tests/ad/gpostate/Test-MtAdGpoNoAuthenticatedUsersCount.Tests.ps1,2,Test-MtAdGpoNoAuthenticatedUsersCount,powershell/public/ad/gpostate/Test-MtAdGpoNoAuthenticatedUsersCount.ps1
ad,AD-GPOREP-04,OK clean 1 ID : 1 function : no params,tests/ad/gpostate/Test-MtAdGpoNoAuthenticatedUsersDetails.Tests.ps1,2,Test-MtAdGpoNoAuthenticatedUsersDetails,powershell/public/ad/gpostate/Test-MtAdGpoNoAuthenticatedUsersDetails.ps1
ad,AD-GPOREP-06,OK clean 1 ID : 1 function : no params,tests/ad/gpostate/Test-MtAdGpoNoDomainComputersCount.Tests.ps1,2,Test-MtAdGpoNoDomainComputersCount,powershell/public/ad/gpostate/Test-MtAdGpoNoDomainComputersCount.ps1
ad,AD-GPOREP-05,OK clean 1 ID : 1 function : no params,tests/ad/gpostate/Test-MtAdGpoNoEnterpriseDcCount.Tests.ps1,2,Test-MtAdGpoNoEnterpriseDcCount,powershell/public/ad/gpostate/Test-MtAdGpoNoEnterpriseDcCount.ps1
ad,AD-GPOREP-01,OK clean 1 ID : 1 function : no params,tests/ad/gpostate/Test-MtAdGpoNoPermissionsCount.Tests.ps1,2,Test-MtAdGpoNoPermissionsCount,powershell/public/ad/gpostate/Test-MtAdGpoNoPermissionsCount.ps1
ad,AD-GPOREP-02,OK clean 1 ID : 1 function : no params,tests/ad/gpostate/Test-MtAdGpoNoPermissionsDetails.Tests.ps1,2,Test-MtAdGpoNoPermissionsDetails,powershell/public/ad/gpostate/Test-MtAdGpoNoPermissionsDetails.ps1
ad,AD-GPOS-09,OK clean 1 ID : 1 function : no params,tests/ad/gpostate/Test-MtAdGpoOwnerDetails.Tests.ps1,2,Test-MtAdGpoOwnerDetails,powershell/public/ad/gpostate/Test-MtAdGpoOwnerDetails.ps1
ad,AD-GPOS-08,OK clean 1 ID : 1 function : no params,tests/ad/gpostate/Test-MtAdGpoOwnerDistinctCount.Tests.ps1,2,Test-MtAdGpoOwnerDistinctCount,powershell/public/ad/gpostate/Test-MtAdGpoOwnerDistinctCount.ps1
ad,AD-GPOS-04,OK clean 1 ID : 1 function : no params,tests/ad/gpostate/Test-MtAdGpoSettingsDisabledCount.Tests.ps1,2,Test-MtAdGpoSettingsDisabledCount,powershell/public/ad/gpostate/Test-MtAdGpoSettingsDisabledCount.ps1
ad,AD-GPOS-01,OK clean 1 ID : 1 function : no params,tests/ad/gpostate/Test-MtAdGpoStateTotalCount.Tests.ps1,2,Test-MtAdGpoStateTotalCount,powershell/public/ad/gpostate/Test-MtAdGpoStateTotalCount.ps1
ad,AD-GPOS-06,OK clean 1 ID : 1 function : no params,tests/ad/gpostate/Test-MtAdGpoUserSettingsDisabledDetails.Tests.ps1,2,Test-MtAdGpoUserSettingsDisabledDetails,powershell/public/ad/gpostate/Test-MtAdGpoUserSettingsDisabledDetails.ps1
ad,AD-GPOREP-15,OK clean 1 ID : 1 function : no params,tests/ad/gpostate/Test-MtAdGpoVersionMismatchCount.Tests.ps1,2,Test-MtAdGpoVersionMismatchCount,powershell/public/ad/gpostate/Test-MtAdGpoVersionMismatchCount.ps1
ad,AD-GPOREP-16,OK clean 1 ID : 1 function : no params,tests/ad/gpostate/Test-MtAdGpoVersionMismatchDetails.Tests.ps1,2,Test-MtAdGpoVersionMismatchDetails,powershell/public/ad/gpostate/Test-MtAdGpoVersionMismatchDetails.ps1
ad,AD-GPOS-02,OK clean 1 ID : 1 function : no params,tests/ad/gpostate/Test-MtAdGpoWmiFilterCount.Tests.ps1,2,Test-MtAdGpoWmiFilterCount,powershell/public/ad/gpostate/Test-MtAdGpoWmiFilterCount.ps1
ad,AD-GPOS-03,OK clean 1 ID : 1 function : no params,tests/ad/gpostate/Test-MtAdGpoWmiFilterDetails.Tests.ps1,2,Test-MtAdGpoWmiFilterDetails,powershell/public/ad/gpostate/Test-MtAdGpoWmiFilterDetails.ps1
ad,AD-SITE-01,OK clean 1 ID : 1 function : no params,tests/ad/site/Test-MtAdSiteTotalCount.Tests.ps1,2,Test-MtAdSiteTotalCount,powershell/public/ad/site/Test-MtAdSiteTotalCount.ps1
ad,AD-SITE-02,OK clean 1 ID : 1 function : no params,tests/ad/site/Test-MtAdSiteWithoutDcCount.Tests.ps1,2,Test-MtAdSiteWithoutDcCount,powershell/public/ad/site/Test-MtAdSiteWithoutDcCount.ps1
ad,AD-SITE-03,OK clean 1 ID : 1 function : no params,tests/ad/site/Test-MtAdSiteWithoutDcDetails.Tests.ps1,2,Test-MtAdSiteWithoutDcDetails,powershell/public/ad/site/Test-MtAdSiteWithoutDcDetails.ps1
ad,AD-SITE-04,OK clean 1 ID : 1 function : no params,tests/ad/site/Test-MtAdSiteWithoutSubnetCount.Tests.ps1,2,Test-MtAdSiteWithoutSubnetCount,powershell/public/ad/site/Test-MtAdSiteWithoutSubnetCount.ps1
ad,AD-SITE-05,OK clean 1 ID : 1 function : no params,tests/ad/site/Test-MtAdSiteWithoutSubnetDetails.Tests.ps1,2,Test-MtAdSiteWithoutSubnetDetails,powershell/public/ad/site/Test-MtAdSiteWithoutSubnetDetails.ps1
ad,AD-SUB-03,OK clean 1 ID : 1 function : no params,tests/ad/site/Test-MtAdSubnetCatchAllCount.Tests.ps1,2,Test-MtAdSubnetCatchAllCount,powershell/public/ad/site/Test-MtAdSubnetCatchAllCount.ps1
ad,AD-SUB-08,OK clean 1 ID : 1 function : no params,tests/ad/site/Test-MtAdSubnetFirstOctetCount.Tests.ps1,2,Test-MtAdSubnetFirstOctetCount,powershell/public/ad/site/Test-MtAdSubnetFirstOctetCount.ps1
ad,AD-SUB-10,OK clean 1 ID : 1 function : no params,tests/ad/site/Test-MtAdSubnetFirstThreeOctetsCount.Tests.ps1,2,Test-MtAdSubnetFirstThreeOctetsCount,powershell/public/ad/site/Test-MtAdSubnetFirstThreeOctetsCount.ps1
ad,AD-SUB-09,OK clean 1 ID : 1 function : no params,tests/ad/site/Test-MtAdSubnetFirstTwoOctetsCount.Tests.ps1,2,Test-MtAdSubnetFirstTwoOctetsCount,powershell/public/ad/site/Test-MtAdSubnetFirstTwoOctetsCount.ps1
ad,AD-SUB-05,OK clean 1 ID : 1 function : no params,tests/ad/site/Test-MtAdSubnetIpv6CatchAllCount.Tests.ps1,2,Test-MtAdSubnetIpv6CatchAllCount,powershell/public/ad/site/Test-MtAdSubnetIpv6CatchAllCount.ps1
ad,AD-SUB-04,OK clean 1 ID : 1 function : no params,tests/ad/site/Test-MtAdSubnetIpv6Count.Tests.ps1,2,Test-MtAdSubnetIpv6Count,powershell/public/ad/site/Test-MtAdSubnetIpv6Count.ps1
ad,AD-SUB-06,OK clean 1 ID : 1 function : no params,tests/ad/site/Test-MtAdSubnetNonInternalCount.Tests.ps1,2,Test-MtAdSubnetNonInternalCount,powershell/public/ad/site/Test-MtAdSubnetNonInternalCount.ps1
ad,AD-SUB-07,OK clean 1 ID : 1 function : no params,tests/ad/site/Test-MtAdSubnetNonInternalDetails.Tests.ps1,2,Test-MtAdSubnetNonInternalDetails,powershell/public/ad/site/Test-MtAdSubnetNonInternalDetails.ps1
ad,AD-SUB-02,OK clean 1 ID : 1 function : no params,tests/ad/site/Test-MtAdSubnetSiteAssociationCount.Tests.ps1,2,Test-MtAdSubnetSiteAssociationCount,powershell/public/ad/site/Test-MtAdSubnetSiteAssociationCount.ps1
ad,AD-SUB-01,OK clean 1 ID : 1 function : no params,tests/ad/site/Test-MtAdSubnetTotalCount.Tests.ps1,2,Test-MtAdSubnetTotalCount,powershell/public/ad/site/Test-MtAdSubnetTotalCount.ps1
ad,AD-SUB-11,OK clean 1 ID : 1 function : no params,tests/ad/site/Test-MtAdSubnetWithoutSiteCount.Tests.ps1,2,Test-MtAdSubnetWithoutSiteCount,powershell/public/ad/site/Test-MtAdSubnetWithoutSiteCount.ps1
ad,AD-TRUST-05,OK clean 1 ID : 1 function : no params,tests/ad/trust/Test-MtAdTrustDetails.Tests.ps1,2,Test-MtAdTrustDetails,powershell/public/ad/trust/Test-MtAdTrustDetails.ps1
ad,AD-TRUST-02,OK clean 1 ID : 1 function : no params,tests/ad/trust/Test-MtAdTrustInterForestCount.Tests.ps1,2,Test-MtAdTrustInterForestCount,powershell/public/ad/trust/Test-MtAdTrustInterForestCount.ps1
ad,AD-TRUST-04,OK clean 1 ID : 1 function : no params,tests/ad/trust/Test-MtAdTrustNonQuarantinedDetails.Tests.ps1,2,Test-MtAdTrustNonQuarantinedDetails,powershell/public/ad/trust/Test-MtAdTrustNonQuarantinedDetails.ps1
ad,AD-TRUST-03,OK clean 1 ID : 1 function : no params,tests/ad/trust/Test-MtAdTrustQuarantinedCount.Tests.ps1,2,Test-MtAdTrustQuarantinedCount,powershell/public/ad/trust/Test-MtAdTrustQuarantinedCount.ps1
ad,AD-TRUST-06,OK clean 1 ID : 1 function : no params,tests/ad/trust/Test-MtAdTrustStaleCount.Tests.ps1,2,Test-MtAdTrustStaleCount,powershell/public/ad/trust/Test-MtAdTrustStaleCount.ps1
ad,AD-TRUST-07,OK clean 1 ID : 1 function : no params,tests/ad/trust/Test-MtAdTrustStaleDetails.Tests.ps1,2,Test-MtAdTrustStaleDetails,powershell/public/ad/trust/Test-MtAdTrustStaleDetails.ps1
ad,AD-TRUST-01,OK clean 1 ID : 1 function : no params,tests/ad/trust/Test-MtAdTrustTotalCount.Tests.ps1,2,Test-MtAdTrustTotalCount,powershell/public/ad/trust/Test-MtAdTrustTotalCount.ps1
ad,AD-DFSR-01,OK clean 1 ID : 1 function : no params,tests/ad/replication/Test-MtAdDfsrSubscriptionCount.Tests.ps1,2,Test-MtAdDfsrSubscriptionCount,powershell/public/ad/replication/Test-MtAdDfsrSubscriptionCount.ps1
ad,AD-REPL-01,OK clean 1 ID : 1 function : no params,tests/ad/replication/Test-MtAdDisabledReplicationConnectionCount.Tests.ps1,2,Test-MtAdDisabledReplicationConnectionCount,powershell/public/ad/replication/Test-MtAdDisabledReplicationConnectionCount.ps1
ad,AD-REPL-02,OK clean 1 ID : 1 function : no params,tests/ad/replication/Test-MtAdNonAutoReplicationConnectionCount.Tests.ps1,2,Test-MtAdNonAutoReplicationConnectionCount,powershell/public/ad/replication/Test-MtAdNonAutoReplicationConnectionCount.ps1
ad,AD-FEAT-01,OK clean 1 ID : 1 function : no params,tests/ad/replication/Test-MtAdOptionalFeatureCount.Tests.ps1,2,Test-MtAdOptionalFeatureCount,powershell/public/ad/replication/Test-MtAdOptionalFeatureCount.ps1
ad,AD-FEAT-02,OK clean 1 ID : 1 function : no params,tests/ad/replication/Test-MtAdOptionalFeatureEnabledDetails.Tests.ps1,2,Test-MtAdOptionalFeatureEnabledDetails,powershell/public/ad/replication/Test-MtAdOptionalFeatureEnabledDetails.ps1
ad,AD-ROOTDSE-03,OK clean 1 ID : 1 function : no params,tests/ad/replication/Test-MtAdRootDseSynchronizedStatus.Tests.ps1,2,Test-MtAdRootDseSynchronizedStatus,powershell/public/ad/replication/Test-MtAdRootDseSynchronizedStatus.ps1
ad,AD-ROOTDSE-01,OK clean 1 ID : 1 function : no params,tests/ad/replication/Test-MtAdSupportedSaslMechanismCount.Tests.ps1,2,Test-MtAdSupportedSaslMechanismCount,powershell/public/ad/replication/Test-MtAdSupportedSaslMechanismCount.ps1
ad,AD-ROOTDSE-02,OK clean 1 ID : 1 function : no params,tests/ad/replication/Test-MtAdSupportedSaslMechanismDetails.Tests.ps1,2,Test-MtAdSupportedSaslMechanismDetails,powershell/public/ad/replication/Test-MtAdSupportedSaslMechanismDetails.ps1
ad,AD-OU-02,OK clean 1 ID : 1 function : no params,tests/ad/ou/Test-MtAdOuAtDomainRootCount.Tests.ps1,2,Test-MtAdOuAtDomainRootCount,powershell/public/ad/ou/Test-MtAdOuAtDomainRootCount.ps1
ad,AD-OU-04,OK clean 1 ID : 1 function : no params,tests/ad/ou/Test-MtAdOuEmptyCount.Tests.ps1,2,Test-MtAdOuEmptyCount,powershell/public/ad/ou/Test-MtAdOuEmptyCount.ps1
ad,AD-OU-05,OK clean 1 ID : 1 function : no params,tests/ad/ou/Test-MtAdOuEmptyDetails.Tests.ps1,2,Test-MtAdOuEmptyDetails,powershell/public/ad/ou/Test-MtAdOuEmptyDetails.ps1
ad,AD-OU-01,OK clean 1 ID : 1 function : no params,tests/ad/ou/Test-MtAdOuOverlappingNameCount.Tests.ps1,2,Test-MtAdOuOverlappingNameCount,powershell/public/ad/ou/Test-MtAdOuOverlappingNameCount.ps1
ad,AD-OU-03,OK clean 1 ID : 1 function : no params,tests/ad/ou/Test-MtAdOuStaleCount.Tests.ps1,2,Test-MtAdOuStaleCount,powershell/public/ad/ou/Test-MtAdOuStaleCount.ps1
ad,AD-COMP-03,OK clean 1 ID : 1 function : no params,tests/ad/computer/Test-MtAdComputerCreatorSidCount.Tests.ps1,2,Test-MtAdComputerCreatorSidCount,powershell/public/ad/computer/Test-MtAdComputerCreatorSidCount.ps1
ad,AD-COMP-09,OK clean 1 ID : 1 function : no params,tests/ad/computer/Test-MtAdComputerDelegationCount.Tests.ps1,2,Test-MtAdComputerDelegationCount,powershell/public/ad/computer/Test-MtAdComputerDelegationCount.ps1
ad,AD-COMP-10,OK clean 1 ID : 1 function : no params,tests/ad/computer/Test-MtAdComputerDelegationDetails.Tests.ps1,2,Test-MtAdComputerDelegationDetails,powershell/public/ad/computer/Test-MtAdComputerDelegationDetails.ps1
ad,AD-COMP-01,OK clean 1 ID : 1 function : no params,tests/ad/computer/Test-MtAdComputerDisabledCount.Tests.ps1,2,Test-MtAdComputerDisabledCount,powershell/public/ad/computer/Test-MtAdComputerDisabledCount.ps1
ad,AD-COMP-02,OK clean 1 ID : 1 function : no params,tests/ad/computer/Test-MtAdComputerDormantCount.Tests.ps1,2,Test-MtAdComputerDormantCount,powershell/public/ad/computer/Test-MtAdComputerDormantCount.ps1
ad,AD-COMP-06,OK clean 1 ID : 1 function : no params,tests/ad/computer/Test-MtAdComputerInDefaultContainer.Tests.ps1,2,Test-MtAdComputerInDefaultContainer,powershell/public/ad/computer/Test-MtAdComputerInDefaultContainer.ps1
ad,AD-COMP-04,OK clean 1 ID : 1 function : no params,tests/ad/computer/Test-MtAdComputerNonStandardGroup.Tests.ps1,2,Test-MtAdComputerNonStandardGroup,powershell/public/ad/computer/Test-MtAdComputerNonStandardGroup.ps1
ad,AD-COMP-07,OK clean 1 ID : 1 function : no params,tests/ad/computer/Test-MtAdComputerOUCount.Tests.ps1,2,Test-MtAdComputerOUCount,powershell/public/ad/computer/Test-MtAdComputerOUCount.ps1
ad,AD-COMP-08,OK clean 1 ID : 1 function : no params,tests/ad/computer/Test-MtAdComputerPerOUAverage.Tests.ps1,2,Test-MtAdComputerPerOUAverage,powershell/public/ad/computer/Test-MtAdComputerPerOUAverage.ps1
ad,AD-COMP-05,OK clean 1 ID : 1 function : no params,tests/ad/computer/Test-MtAdComputerSidHistoryCount.Tests.ps1,2,Test-MtAdComputerSidHistoryCount,powershell/public/ad/computer/Test-MtAdComputerSidHistoryCount.ps1
ad,AD-DNS-11,OK clean 1 ID : 1 function : no params,tests/ad/dns/Test-MtAdDnsAdSrvRecordCount.Tests.ps1,2,Test-MtAdDnsAdSrvRecordCount,powershell/public/ad/dns/Test-MtAdDnsAdSrvRecordCount.ps1
ad,AD-DNS-12,OK clean 1 ID : 1 function : no params,tests/ad/dns/Test-MtAdDnsAdSrvRecordDetails.Tests.ps1,2,Test-MtAdDnsAdSrvRecordDetails,powershell/public/ad/dns/Test-MtAdDnsAdSrvRecordDetails.ps1
ad,AD-DNS-13,OK clean 1 ID : 1 function : no params,tests/ad/dns/Test-MtAdDnsDnssecRecordCount.Tests.ps1,2,Test-MtAdDnsDnssecRecordCount,powershell/public/ad/dns/Test-MtAdDnsDnssecRecordCount.ps1
ad,AD-DNS-15,OK clean 1 ID : 1 function : no params,tests/ad/dns/Test-MtAdDnsDuplicateZoneCount.Tests.ps1,2,Test-MtAdDnsDuplicateZoneCount,powershell/public/ad/dns/Test-MtAdDnsDuplicateZoneCount.ps1
ad,AD-DNS-05,OK clean 1 ID : 1 function : no params,tests/ad/dns/Test-MtAdDnsDynamicRecordCount.Tests.ps1,2,Test-MtAdDnsDynamicRecordCount,powershell/public/ad/dns/Test-MtAdDnsDynamicRecordCount.ps1
ad,AD-DNS-14,OK clean 1 ID : 1 function : no params,tests/ad/dns/Test-MtAdDnsEmptyZoneCount.Tests.ps1,2,Test-MtAdDnsEmptyZoneCount,powershell/public/ad/dns/Test-MtAdDnsEmptyZoneCount.ps1
ad,AD-DNS-17,OK clean 1 ID : 1 function : no params,tests/ad/dns/Test-MtAdDnsNonStandardZoneCount.Tests.ps1,2,Test-MtAdDnsNonStandardZoneCount,powershell/public/ad/dns/Test-MtAdDnsNonStandardZoneCount.ps1
ad,AD-DNS-16,OK clean 1 ID : 1 function : no params,tests/ad/dns/Test-MtAdDnsReverseZoneCount.Tests.ps1,2,Test-MtAdDnsReverseZoneCount,powershell/public/ad/dns/Test-MtAdDnsReverseZoneCount.ps1
ad,AD-DNS-18,OK clean 1 ID : 1 function : no params,tests/ad/dns/Test-MtAdDnsReverseZoneNetworkCount.Tests.ps1,2,Test-MtAdDnsReverseZoneNetworkCount,powershell/public/ad/dns/Test-MtAdDnsReverseZoneNetworkCount.ps1
ad,AD-DNS-19,OK clean 1 ID : 1 function : no params,tests/ad/dns/Test-MtAdDnsReverseZoneNetworkDetails.Tests.ps1,2,Test-MtAdDnsReverseZoneNetworkDetails,powershell/public/ad/dns/Test-MtAdDnsReverseZoneNetworkDetails.ps1
ad,AD-DNS-03,OK clean 1 ID : 1 function : no params,tests/ad/dns/Test-MtAdDnsRootServerIncorrectCount.Tests.ps1,2,Test-MtAdDnsRootServerIncorrectCount,powershell/public/ad/dns/Test-MtAdDnsRootServerIncorrectCount.ps1
ad,AD-DNS-04,OK clean 1 ID : 1 function : no params,tests/ad/dns/Test-MtAdDnsRootServerIncorrectDetails.Tests.ps1,2,Test-MtAdDnsRootServerIncorrectDetails,powershell/public/ad/dns/Test-MtAdDnsRootServerIncorrectDetails.ps1
ad,AD-DNS-10,OK clean 1 ID : 1 function : no params,tests/ad/dns/Test-MtAdDnsSoaDetails.Tests.ps1,2,Test-MtAdDnsSoaDetails,powershell/public/ad/dns/Test-MtAdDnsSoaDetails.ps1
ad,AD-DNS-01,OK clean 1 ID : 1 function : no params,tests/ad/dns/Test-MtAdDnsZoneCount.Tests.ps1,2,Test-MtAdDnsZoneCount,powershell/public/ad/dns/Test-MtAdDnsZoneCount.ps1
ad,AD-DNS-08,OK clean 1 ID : 1 function : no params,tests/ad/dns/Test-MtAdDnsZoneDelegationCount.Tests.ps1,2,Test-MtAdDnsZoneDelegationCount,powershell/public/ad/dns/Test-MtAdDnsZoneDelegationCount.ps1
ad,AD-DNS-09,OK clean 1 ID : 1 function : no params,tests/ad/dns/Test-MtAdDnsZoneDelegationDetails.Tests.ps1,2,Test-MtAdDnsZoneDelegationDetails,powershell/public/ad/dns/Test-MtAdDnsZoneDelegationDetails.ps1
ad,AD-DNS-07,OK clean 1 ID : 1 function : no params,tests/ad/dns/Test-MtAdDnsZoneRecordDetails.Tests.ps1,2,Test-MtAdDnsZoneRecordDetails,powershell/public/ad/dns/Test-MtAdDnsZoneRecordDetails.ps1
ad,AD-DNS-02,OK clean 1 ID : 1 function : no params,tests/ad/dns/Test-MtAdDnsZonesWithOnlySoaNs.Tests.ps1,2,Test-MtAdDnsZonesWithOnlySoaNs,powershell/public/ad/dns/Test-MtAdDnsZonesWithOnlySoaNs.ps1
ad,AD-DNS-06,OK clean 1 ID : 1 function : no params,tests/ad/dns/Test-MtAdDnsZonesWithRecordsCount.Tests.ps1,2,Test-MtAdDnsZonesWithRecordsCount,powershell/public/ad/dns/Test-MtAdDnsZonesWithRecordsCount.ps1
ad,AD-DOMS-01,OK clean 1 ID : 1 function : no params,tests/ad/domain/Test-MtAdAllowedDnsSuffixesCount.Tests.ps1,2,Test-MtAdAllowedDnsSuffixesCount,powershell/public/ad/domain/Test-MtAdAllowedDnsSuffixesCount.ps1
ad,AD-FORS-04,OK clean 1 ID : 1 function : no params,tests/ad/domain/Test-MtAdCrossForestReferencesCount.Tests.ps1,2,Test-MtAdCrossForestReferencesCount,powershell/public/ad/domain/Test-MtAdCrossForestReferencesCount.ps1
ad,AD-DOM-03,OK clean 1 ID : 1 function : no params,tests/ad/domain/Test-MtAdDomainControllerCount.Tests.ps1,2,Test-MtAdDomainControllerCount,powershell/public/ad/domain/Test-MtAdDomainControllerCount.ps1
ad,AD-DOM-01,OK clean 1 ID : 1 function : no params,tests/ad/domain/Test-MtAdDomainFunctionalLevel.Tests.ps1,2,Test-MtAdDomainFunctionalLevel,powershell/public/ad/domain/Test-MtAdDomainFunctionalLevel.ps1
ad,AD-DOM-06,OK clean 1 ID : 1 function : no params,tests/ad/domain/Test-MtAdDomainNameNonStandardDetails.Tests.ps1,2,Test-MtAdDomainNameNonStandardDetails,powershell/public/ad/domain/Test-MtAdDomainNameNonStandardDetails.ps1
ad,AD-DOM-05,OK clean 1 ID : 1 function : no params,tests/ad/domain/Test-MtAdDomainNameStandardCompliance.Tests.ps1,2,Test-MtAdDomainNameStandardCompliance,powershell/public/ad/domain/Test-MtAdDomainNameStandardCompliance.ps1
ad,AD-FOR-02,OK clean 1 ID : 1 function : no params,tests/ad/domain/Test-MtAdForestDomainCount.Tests.ps1,2,Test-MtAdForestDomainCount,powershell/public/ad/domain/Test-MtAdForestDomainCount.ps1
ad,AD-FOR-01,OK clean 1 ID : 1 function : no params,tests/ad/domain/Test-MtAdForestFunctionalLevel.Tests.ps1,2,Test-MtAdForestFunctionalLevel,powershell/public/ad/domain/Test-MtAdForestFunctionalLevel.ps1
ad,AD-DOM-02,OK clean 1 ID : 1 function : no params,tests/ad/domain/Test-MtAdMachineAccountQuota.Tests.ps1,2,Test-MtAdMachineAccountQuota,powershell/public/ad/domain/Test-MtAdMachineAccountQuota.ps1
ad,AD-DOM-08,OK clean 1 ID : 1 function : no params,tests/ad/domain/Test-MtAdNetbiosNameNonStandardDetails.Tests.ps1,2,Test-MtAdNetbiosNameNonStandardDetails,powershell/public/ad/domain/Test-MtAdNetbiosNameNonStandardDetails.ps1
ad,AD-DOM-07,OK clean 1 ID : 1 function : no params,tests/ad/domain/Test-MtAdNetbiosNameStandardCompliance.Tests.ps1,2,Test-MtAdNetbiosNameStandardCompliance,powershell/public/ad/domain/Test-MtAdNetbiosNameStandardCompliance.ps1
ad,AD-FOR-04,OK clean 1 ID : 1 function : no params,tests/ad/domain/Test-MtAdRecycleBinStatus.Tests.ps1,2,Test-MtAdRecycleBinStatus,powershell/public/ad/domain/Test-MtAdRecycleBinStatus.ps1
ad,AD-DOM-04,OK clean 1 ID : 1 function : no params,tests/ad/domain/Test-MtAdRidsRemaining.Tests.ps1,2,Test-MtAdRidsRemaining,powershell/public/ad/domain/Test-MtAdRidsRemaining.ps1
ad,AD-FORS-03,OK clean 1 ID : 1 function : no params,tests/ad/domain/Test-MtAdSpnSuffixesCount.Tests.ps1,2,Test-MtAdSpnSuffixesCount,powershell/public/ad/domain/Test-MtAdSpnSuffixesCount.ps1
ad,AD-FOR-03,OK clean 1 ID : 1 function : no params,tests/ad/domain/Test-MtAdTombstoneLifetime.Tests.ps1,2,Test-MtAdTombstoneLifetime,powershell/public/ad/domain/Test-MtAdTombstoneLifetime.ps1
ad,AD-FORS-01,OK clean 1 ID : 1 function : no params,tests/ad/domain/Test-MtAdUpnSuffixesCount.Tests.ps1,2,Test-MtAdUpnSuffixesCount,powershell/public/ad/domain/Test-MtAdUpnSuffixesCount.ps1
ad,AD-FORS-02,OK clean 1 ID : 1 function : no params,tests/ad/domain/Test-MtAdUpnSuffixesDetails.Tests.ps1,2,Test-MtAdUpnSuffixesDetails,powershell/public/ad/domain/Test-MtAdUpnSuffixesDetails.ps1
ad,AD-DACL-03,OK clean 1 ID : 1 function : no params,tests/ad/dacl/Test-MtAdDaclConflictObjectCount.Tests.ps1,2,Test-MtAdDaclConflictObjectCount,powershell/public/ad/dacl/Test-MtAdDaclConflictObjectCount.ps1
ad,AD-DACL-04,OK clean 1 ID : 1 function : no params,tests/ad/dacl/Test-MtAdDaclConflictObjectDetails.Tests.ps1,2,Test-MtAdDaclConflictObjectDetails,powershell/public/ad/dacl/Test-MtAdDaclConflictObjectDetails.ps1
ad,AD-DACL-05,OK clean 1 ID : 1 function : no params,tests/ad/dacl/Test-MtAdDaclDenyAceCount.Tests.ps1,2,Test-MtAdDaclDenyAceCount,powershell/public/ad/dacl/Test-MtAdDaclDenyAceCount.ps1
ad,AD-DACL-06,OK clean 1 ID : 1 function : no params,tests/ad/dacl/Test-MtAdDaclDenyAceDetails.Tests.ps1,2,Test-MtAdDaclDenyAceDetails,powershell/public/ad/dacl/Test-MtAdDaclDenyAceDetails.ps1
ad,AD-DACL-07,OK clean 1 ID : 1 function : no params,tests/ad/dacl/Test-MtAdDaclDistinctIdentityCount.Tests.ps1,2,Test-MtAdDaclDistinctIdentityCount,powershell/public/ad/dacl/Test-MtAdDaclDistinctIdentityCount.ps1
ad,AD-DACL-01,OK clean 1 ID : 1 function : no params,tests/ad/dacl/Test-MtAdDaclDistinctObjectCount.Tests.ps1,2,Test-MtAdDaclDistinctObjectCount,powershell/public/ad/dacl/Test-MtAdDaclDistinctObjectCount.ps1
ad,AD-DACL-08,OK clean 1 ID : 1 function : no params,tests/ad/dacl/Test-MtAdDaclIdentityAceDistribution.Tests.ps1,2,Test-MtAdDaclIdentityAceDistribution,powershell/public/ad/dacl/Test-MtAdDaclIdentityAceDistribution.ps1
ad,AD-DACL-17,OK clean 1 ID : 1 function : no params,tests/ad/dacl/Test-MtAdDaclInheritedObjectTypeCount.Tests.ps1,2,Test-MtAdDaclInheritedObjectTypeCount,powershell/public/ad/dacl/Test-MtAdDaclInheritedObjectTypeCount.ps1
ad,AD-DACL-18,OK clean 1 ID : 1 function : no params,tests/ad/dacl/Test-MtAdDaclInheritedObjectTypeDetails.Tests.ps1,2,Test-MtAdDaclInheritedObjectTypeDetails,powershell/public/ad/dacl/Test-MtAdDaclInheritedObjectTypeDetails.ps1
ad,AD-DACL-14,OK clean 1 ID : 1 function : no params,tests/ad/dacl/Test-MtAdDaclNonInheritedAceCount.Tests.ps1,2,Test-MtAdDaclNonInheritedAceCount,powershell/public/ad/dacl/Test-MtAdDaclNonInheritedAceCount.ps1
ad,AD-DACL-02,OK clean 1 ID : 1 function : no params,tests/ad/dacl/Test-MtAdDaclOuObjectCount.Tests.ps1,2,Test-MtAdDaclOuObjectCount,powershell/public/ad/dacl/Test-MtAdDaclOuObjectCount.ps1
ad,AD-DACL-09,OK clean 1 ID : 1 function : no params,tests/ad/dacl/Test-MtAdDaclPrivilegedAllowAceCount.Tests.ps1,2,Test-MtAdDaclPrivilegedAllowAceCount,powershell/public/ad/dacl/Test-MtAdDaclPrivilegedAllowAceCount.ps1
ad,AD-DACL-10,OK clean 1 ID : 1 function : no params,tests/ad/dacl/Test-MtAdDaclPrivilegedAllowAceDetails.Tests.ps1,2,Test-MtAdDaclPrivilegedAllowAceDetails,powershell/public/ad/dacl/Test-MtAdDaclPrivilegedAllowAceDetails.ps1
ad,AD-DACL-11,OK clean 1 ID : 1 function : no params,tests/ad/dacl/Test-MtAdDaclPrivilegedExtendedRightCount.Tests.ps1,2,Test-MtAdDaclPrivilegedExtendedRightCount,powershell/public/ad/dacl/Test-MtAdDaclPrivilegedExtendedRightCount.ps1
ad,AD-DACL-12,OK clean 1 ID : 1 function : no params,tests/ad/dacl/Test-MtAdDaclPrivilegedExtendedRightDetails.Tests.ps1,2,Test-MtAdDaclPrivilegedExtendedRightDetails,powershell/public/ad/dacl/Test-MtAdDaclPrivilegedExtendedRightDetails.ps1
ad,AD-DACL-13,OK clean 1 ID : 1 function : no params,tests/ad/dacl/Test-MtAdDaclPrivilegedExtendedRightIdentity.Tests.ps1,2,Test-MtAdDaclPrivilegedExtendedRightIdentity,powershell/public/ad/dacl/Test-MtAdDaclPrivilegedExtendedRightIdentity.ps1
ad,AD-DACL-15,OK clean 1 ID : 1 function : no params,tests/ad/dacl/Test-MtAdDaclUnresolvedSidCount.Tests.ps1,2,Test-MtAdDaclUnresolvedSidCount,powershell/public/ad/dacl/Test-MtAdDaclUnresolvedSidCount.ps1
ad,AD-DACL-16,OK clean 1 ID : 1 function : no params,tests/ad/dacl/Test-MtAdDaclUnresolvedSidDetails.Tests.ps1,2,Test-MtAdDaclUnresolvedSidDetails,powershell/public/ad/dacl/Test-MtAdDaclUnresolvedSidDetails.ps1
EIDSCA,EIDSCA.AP01,OK clean 1 ID : 1 function : no params,tests/EIDSCA/Test-EIDSCA.Generated.Tests.ps1,13,Test-MtEidscaAP01,powershell/internal/eidsca/Test-MtEidscaAP01.ps1
EIDSCA,EIDSCA.AP04,OK clean 1 ID : 1 function : no params,tests/EIDSCA/Test-EIDSCA.Generated.Tests.ps1,22,Test-MtEidscaAP04,powershell/internal/eidsca/Test-MtEidscaAP04.ps1
EIDSCA,EIDSCA.AP05,OK clean 1 ID : 1 function : no params,tests/EIDSCA/Test-EIDSCA.Generated.Tests.ps1,31,Test-MtEidscaAP05,powershell/internal/eidsca/Test-MtEidscaAP05.ps1
EIDSCA,EIDSCA.AP06,OK clean 1 ID : 1 function : no params,tests/EIDSCA/Test-EIDSCA.Generated.Tests.ps1,40,Test-MtEidscaAP06,powershell/internal/eidsca/Test-MtEidscaAP06.ps1
EIDSCA,EIDSCA.AP07,OK clean 1 ID : 1 function : no params,tests/EIDSCA/Test-EIDSCA.Generated.Tests.ps1,49,Test-MtEidscaAP07,powershell/internal/eidsca/Test-MtEidscaAP07.ps1
EIDSCA,EIDSCA.AP08,OK clean 1 ID : 1 function : no params,tests/EIDSCA/Test-EIDSCA.Generated.Tests.ps1,58,Test-MtEidscaAP08,powershell/internal/eidsca/Test-MtEidscaAP08.ps1
EIDSCA,EIDSCA.AP09,OK clean 1 ID : 1 function : no params,tests/EIDSCA/Test-EIDSCA.Generated.Tests.ps1,67,Test-MtEidscaAP09,powershell/internal/eidsca/Test-MtEidscaAP09.ps1
EIDSCA,EIDSCA.AP10,OK clean 1 ID : 1 function : no params,tests/EIDSCA/Test-EIDSCA.Generated.Tests.ps1,76,Test-MtEidscaAP10,powershell/internal/eidsca/Test-MtEidscaAP10.ps1
EIDSCA,EIDSCA.AP14,OK clean 1 ID : 1 function : no params,tests/EIDSCA/Test-EIDSCA.Generated.Tests.ps1,85,Test-MtEidscaAP14,powershell/internal/eidsca/Test-MtEidscaAP14.ps1
EIDSCA,EIDSCA.CP01,OK clean 1 ID : 1 function : no params,tests/EIDSCA/Test-EIDSCA.Generated.Tests.ps1,95,Test-MtEidscaCP01,powershell/internal/eidsca/Test-MtEidscaCP01.ps1
EIDSCA,EIDSCA.CP03,OK clean 1 ID : 1 function : no params,tests/EIDSCA/Test-EIDSCA.Generated.Tests.ps1,104,Test-MtEidscaCP03,powershell/internal/eidsca/Test-MtEidscaCP03.ps1
EIDSCA,EIDSCA.CP04,OK clean 1 ID : 1 function : no params,tests/EIDSCA/Test-EIDSCA.Generated.Tests.ps1,113,Test-MtEidscaCP04,powershell/internal/eidsca/Test-MtEidscaCP04.ps1
EIDSCA,EIDSCA.PR01,OK clean 1 ID : 1 function : no params,tests/EIDSCA/Test-EIDSCA.Generated.Tests.ps1,123,Test-MtEidscaPR01,powershell/internal/eidsca/Test-MtEidscaPR01.ps1
EIDSCA,EIDSCA.PR02,OK clean 1 ID : 1 function : no params,tests/EIDSCA/Test-EIDSCA.Generated.Tests.ps1,132,Test-MtEidscaPR02,powershell/internal/eidsca/Test-MtEidscaPR02.ps1
EIDSCA,EIDSCA.PR03,OK clean 1 ID : 1 function : no params,tests/EIDSCA/Test-EIDSCA.Generated.Tests.ps1,141,Test-MtEidscaPR03,powershell/internal/eidsca/Test-MtEidscaPR03.ps1
EIDSCA,EIDSCA.PR05,OK clean 1 ID : 1 function : no params,tests/EIDSCA/Test-EIDSCA.Generated.Tests.ps1,150,Test-MtEidscaPR05,powershell/internal/eidsca/Test-MtEidscaPR05.ps1
EIDSCA,EIDSCA.PR06,OK clean 1 ID : 1 function : no params,tests/EIDSCA/Test-EIDSCA.Generated.Tests.ps1,159,Test-MtEidscaPR06,powershell/internal/eidsca/Test-MtEidscaPR06.ps1
EIDSCA,EIDSCA.ST08,OK clean 1 ID : 1 function : no params,tests/EIDSCA/Test-EIDSCA.Generated.Tests.ps1,169,Test-MtEidscaST08,powershell/internal/eidsca/Test-MtEidscaST08.ps1
EIDSCA,EIDSCA.ST09,OK clean 1 ID : 1 function : no params,tests/EIDSCA/Test-EIDSCA.Generated.Tests.ps1,178,Test-MtEidscaST09,powershell/internal/eidsca/Test-MtEidscaST09.ps1
EIDSCA,EIDSCA.AG01,OK clean 1 ID : 1 function : no params,tests/EIDSCA/Test-EIDSCA.Generated.Tests.ps1,188,Test-MtEidscaAG01,powershell/internal/eidsca/Test-MtEidscaAG01.ps1
EIDSCA,EIDSCA.AG02,OK clean 1 ID : 1 function : no params,tests/EIDSCA/Test-EIDSCA.Generated.Tests.ps1,197,Test-MtEidscaAG02,powershell/internal/eidsca/Test-MtEidscaAG02.ps1
EIDSCA,EIDSCA.AG03,OK clean 1 ID : 1 function : no params,tests/EIDSCA/Test-EIDSCA.Generated.Tests.ps1,206,Test-MtEidscaAG03,powershell/internal/eidsca/Test-MtEidscaAG03.ps1
EIDSCA,EIDSCA.AM01,OK clean 1 ID : 1 function : no params,tests/EIDSCA/Test-EIDSCA.Generated.Tests.ps1,216,Test-MtEidscaAM01,powershell/internal/eidsca/Test-MtEidscaAM01.ps1
EIDSCA,EIDSCA.AM02,OK clean 1 ID : 1 function : no params,tests/EIDSCA/Test-EIDSCA.Generated.Tests.ps1,225,Test-MtEidscaAM02,powershell/internal/eidsca/Test-MtEidscaAM02.ps1
EIDSCA,EIDSCA.AM03,OK clean 1 ID : 1 function : no params,tests/EIDSCA/Test-EIDSCA.Generated.Tests.ps1,234,Test-MtEidscaAM03,powershell/internal/eidsca/Test-MtEidscaAM03.ps1
EIDSCA,EIDSCA.AM04,OK clean 1 ID : 1 function : no params,tests/EIDSCA/Test-EIDSCA.Generated.Tests.ps1,243,Test-MtEidscaAM04,powershell/internal/eidsca/Test-MtEidscaAM04.ps1
EIDSCA,EIDSCA.AM06,OK clean 1 ID : 1 function : no params,tests/EIDSCA/Test-EIDSCA.Generated.Tests.ps1,252,Test-MtEidscaAM06,powershell/internal/eidsca/Test-MtEidscaAM06.ps1
EIDSCA,EIDSCA.AM07,OK clean 1 ID : 1 function : no params,tests/EIDSCA/Test-EIDSCA.Generated.Tests.ps1,261,Test-MtEidscaAM07,powershell/internal/eidsca/Test-MtEidscaAM07.ps1
EIDSCA,EIDSCA.AM09,OK clean 1 ID : 1 function : no params,tests/EIDSCA/Test-EIDSCA.Generated.Tests.ps1,270,Test-MtEidscaAM09,powershell/internal/eidsca/Test-MtEidscaAM09.ps1
EIDSCA,EIDSCA.AM10,OK clean 1 ID : 1 function : no params,tests/EIDSCA/Test-EIDSCA.Generated.Tests.ps1,279,Test-MtEidscaAM10,powershell/internal/eidsca/Test-MtEidscaAM10.ps1
EIDSCA,EIDSCA.AF01,OK clean 1 ID : 1 function : no params,tests/EIDSCA/Test-EIDSCA.Generated.Tests.ps1,289,Test-MtEidscaAF01,powershell/internal/eidsca/Test-MtEidscaAF01.ps1
EIDSCA,EIDSCA.AF02,OK clean 1 ID : 1 function : no params,tests/EIDSCA/Test-EIDSCA.Generated.Tests.ps1,298,Test-MtEidscaAF02,powershell/internal/eidsca/Test-MtEidscaAF02.ps1
EIDSCA,EIDSCA.AF03,OK clean 1 ID : 1 function : no params,tests/EIDSCA/Test-EIDSCA.Generated.Tests.ps1,307,Test-MtEidscaAF03,powershell/internal/eidsca/Test-MtEidscaAF03.ps1
EIDSCA,EIDSCA.AF04,OK clean 1 ID : 1 function : no params,tests/EIDSCA/Test-EIDSCA.Generated.Tests.ps1,316,Test-MtEidscaAF04,powershell/internal/eidsca/Test-MtEidscaAF04.ps1
EIDSCA,EIDSCA.AF05,OK clean 1 ID : 1 function : no params,tests/EIDSCA/Test-EIDSCA.Generated.Tests.ps1,325,Test-MtEidscaAF05,powershell/internal/eidsca/Test-MtEidscaAF05.ps1
EIDSCA,EIDSCA.AF06,OK clean 1 ID : 1 function : no params,tests/EIDSCA/Test-EIDSCA.Generated.Tests.ps1,334,Test-MtEidscaAF06,powershell/internal/eidsca/Test-MtEidscaAF06.ps1
EIDSCA,EIDSCA.AT01,OK clean 1 ID : 1 function : no params,tests/EIDSCA/Test-EIDSCA.Generated.Tests.ps1,344,Test-MtEidscaAT01,powershell/internal/eidsca/Test-MtEidscaAT01.ps1
EIDSCA,EIDSCA.AT02,OK clean 1 ID : 1 function : no params,tests/EIDSCA/Test-EIDSCA.Generated.Tests.ps1,353,Test-MtEidscaAT02,powershell/internal/eidsca/Test-MtEidscaAT02.ps1
EIDSCA,EIDSCA.AV01,OK clean 1 ID : 1 function : no params,tests/EIDSCA/Test-EIDSCA.Generated.Tests.ps1,363,Test-MtEidscaAV01,powershell/internal/eidsca/Test-MtEidscaAV01.ps1
EIDSCA,EIDSCA.AS04,OK clean 1 ID : 1 function : no params,tests/EIDSCA/Test-EIDSCA.Generated.Tests.ps1,373,Test-MtEidscaAS04,powershell/internal/eidsca/Test-MtEidscaAS04.ps1
EIDSCA,EIDSCA.CR01,OK clean 1 ID : 1 function : no params,tests/EIDSCA/Test-EIDSCA.Generated.Tests.ps1,383,Test-MtEidscaCR01,powershell/internal/eidsca/Test-MtEidscaCR01.ps1
EIDSCA,EIDSCA.CR02,OK clean 1 ID : 1 function : no params,tests/EIDSCA/Test-EIDSCA.Generated.Tests.ps1,392,Test-MtEidscaCR02,powershell/internal/eidsca/Test-MtEidscaCR02.ps1
EIDSCA,EIDSCA.CR03,OK clean 1 ID : 1 function : no params,tests/EIDSCA/Test-EIDSCA.Generated.Tests.ps1,401,Test-MtEidscaCR03,powershell/internal/eidsca/Test-MtEidscaCR03.ps1
EIDSCA,EIDSCA.CR04,OK clean 1 ID : 1 function : no params,tests/EIDSCA/Test-EIDSCA.Generated.Tests.ps1,410,Test-MtEidscaCR04,powershell/internal/eidsca/Test-MtEidscaCR04.ps1
cisa,CISA.MS.EXO.12.1,OK clean 1 ID : 1 function : no params,tests/cisa/exchange/Test-MtCisaAntiSpamAllowList.Tests.ps1,2,Test-MtCisaAntiSpamAllowList,powershell/public/cisa/exchange/Test-MtCisaAntiSpamAllowList.ps1
cisa,CISA.MS.EXO.12.2,OK clean 1 ID : 1 function : no params,tests/cisa/exchange/Test-MtCisaAntiSpamSafeList.Tests.ps1,2,Test-MtCisaAntiSpamSafeList,powershell/public/cisa/exchange/Test-MtCisaAntiSpamSafeList.ps1
cisa,CISA.MS.EXO.9.2,E4 one function serves several IDs (parameterised),tests/cisa/exchange/Test-MtCisaAttachmentFileType.Tests.ps1,2,Test-MtCisaAttachmentFileType,powershell/public/cisa/exchange/Test-MtCisaAttachmentFileType.ps1
cisa,CISA.MS.EXO.9.1,E4 one function serves several IDs (parameterised),tests/cisa/exchange/Test-MtCisaAttachmentFilter.Tests.ps1,2,Test-MtCisaAttachmentFilter,powershell/public/cisa/exchange/Test-MtCisaAttachmentFilter.ps1
cisa,CISA.MS.EXO.17.1,OK clean 1 ID : 1 function : no params,tests/cisa/exchange/Test-MtCisaAuditLog.Tests.ps1,2,Test-MtCisaAuditLog,powershell/public/cisa/exchange/Test-MtCisaAuditLog.ps1
cisa,CISA.MS.EXO.17.2,OK clean 1 ID : 1 function : no params,tests/cisa/exchange/Test-MtCisaAuditLogPremium.Tests.ps1,2,Test-MtCisaAuditLogPremium,powershell/public/cisa/exchange/Test-MtCisaAuditLogPremium.ps1
cisa,CISA.MS.EXO.17.3,OK clean 1 ID : 1 function : no params,tests/cisa/exchange/Test-MtCisaAuditLogRetention.Tests.ps1,2,Test-MtCisaAuditLogRetention,powershell/public/cisa/exchange/Test-MtCisaAuditLogRetention.ps1
cisa,CISA.MS.EXO.1.1,OK clean 1 ID : 1 function : no params,tests/cisa/exchange/Test-MtCisaAutoExternalForwarding.Tests.ps1,2,Test-MtCisaAutoExternalForwarding,powershell/public/cisa/exchange/Test-MtCisaAutoExternalForwarding.ps1
cisa,CISA.MS.EXO.9.5,OK clean 1 ID : 1 function : no params,tests/cisa/exchange/Test-MtCisaBlockExecutable.Tests.ps1,2,Test-MtCisaBlockExecutable,powershell/public/cisa/exchange/Test-MtCisaBlockExecutable.ps1
cisa,CISA.MS.EXO.9.3,E4 one function serves several IDs (parameterised),tests/cisa/exchange/Test-MtCisaBlockFileType.Tests.ps1,2,Test-MtCisaAttachmentFileType,powershell/public/cisa/exchange/Test-MtCisaAttachmentFileType.ps1
cisa,CISA.MS.EXO.6.2,OK clean 1 ID : 1 function : no params,tests/cisa/exchange/Test-MtCisaCalendarSharing.Tests.ps1,2,Test-MtCisaCalendarSharing,powershell/public/cisa/exchange/Test-MtCisaCalendarSharing.ps1
cisa,CISA.MS.EXO.6.1,OK clean 1 ID : 1 function : no params,tests/cisa/exchange/Test-MtCisaContactSharing.Tests.ps1,2,Test-MtCisaContactSharing,powershell/public/cisa/exchange/Test-MtCisaContactSharing.ps1
cisa,CISA.MS.EXO.3.1,OK clean 1 ID : 1 function : no params,tests/cisa/exchange/Test-MtCisaDkim.Tests.ps1,2,Test-MtCisaDkim,powershell/public/cisa/exchange/Test-MtCisaDkim.ps1
cisa,CISA.MS.EXO.8.1,OK clean 1 ID : 1 function : no params,tests/cisa/exchange/Test-MtCisaDlp.Tests.ps1,2,Test-MtCisaDlp,powershell/public/cisa/exchange/Test-MtCisaDlp.ps1
cisa,CISA.MS.EXO.8.3,OK clean 1 ID : 1 function : no params,tests/cisa/exchange/Test-MtCisaDlpAlternate.Tests.ps1,2,Test-MtCisaDlpAlternate,powershell/public/cisa/exchange/Test-MtCisaDlpAlternate.ps1
cisa,CISA.MS.EXO.8.4,OK clean 1 ID : 1 function : no params,tests/cisa/exchange/Test-MtCisaDlpBaselineRule.Tests.ps1,2,Test-MtCisaDlpBaselineRule,powershell/public/cisa/exchange/Test-MtCisaDlpBaselineRule.ps1
cisa,CISA.MS.EXO.8.2,OK clean 1 ID : 1 function : no params,tests/cisa/exchange/Test-MtCisaDlpPii.Tests.ps1,2,Test-MtCisaDlpPii,powershell/public/cisa/exchange/Test-MtCisaDlpPii.ps1
cisa,CISA.MS.EXO.4.3,OK clean 1 ID : 1 function : no params,tests/cisa/exchange/Test-MtCisaDmarcAggregateCisa.Tests.ps1,2,Test-MtCisaDmarcAggregateCisa,powershell/public/cisa/exchange/Test-MtCisaDmarcAggregateCisa.ps1
cisa,CISA.MS.EXO.4.1,OK clean 1 ID : 1 function : no params,tests/cisa/exchange/Test-MtCisaDmarcRecordExist.Tests.ps1,2,Test-MtCisaDmarcRecordExist,powershell/public/cisa/exchange/Test-MtCisaDmarcRecordExist.ps1
cisa,CISA.MS.EXO.4.2,OK clean 1 ID : 1 function : no params,tests/cisa/exchange/Test-MtCisaDmarcRecordReject.Tests.ps1,2,Test-MtCisaDmarcRecordReject,powershell/public/cisa/exchange/Test-MtCisaDmarcRecordReject.ps1
cisa,MS.EXO.04.4,OK clean 1 ID : 1 function : no params,tests/cisa/exchange/Test-MtCisaDmarcReport.ps1,2,Test-MtCisaDmarcReport,powershell/public/cisa/exchange/Test-MtCisaDmarcReport.ps1
cisa,CISA.MS.EXO.9.4,OK clean 1 ID : 1 function : no params,tests/cisa/exchange/Test-MtCisaEmailFilterAlternative.Tests.ps1,2,Test-MtCisaEmailFilterAlternative,powershell/public/cisa/exchange/Test-MtCisaEmailFilterAlternative.ps1
cisa,CISA.MS.EXO.16.1,OK clean 1 ID : 1 function : no params,tests/cisa/exchange/Test-MtCisaExoAlert.Tests.ps1,2,Test-MtCisaExoAlert,powershell/public/cisa/exchange/Test-MtCisaExoAlert.ps1
cisa,CISA.MS.EXO.16.2,OK clean 1 ID : 1 function : no params,tests/cisa/exchange/Test-MtCisaExoAlertSiem.Tests.ps1,2,Test-MtCisaExoAlertSiem,powershell/public/cisa/exchange/Test-MtCisaExoAlertSiem.ps1
cisa,CISA.MS.EXO.7.1,OK clean 1 ID : 1 function : no params,tests/cisa/exchange/Test-MtCisaExternalSenderWarning.Tests.ps1,2,Test-MtCisaExternalSenderWarning,powershell/public/cisa/exchange/Test-MtCisaExternalSenderWarning.ps1
cisa,CISA.MS.EXO.11.1,OK clean 1 ID : 1 function : no params,tests/cisa/exchange/Test-MtCisaImpersonation.Tests.ps1,2,Test-MtCisaImpersonation,powershell/public/cisa/exchange/Test-MtCisaImpersonation.ps1
cisa,CISA.MS.EXO.11.2,OK clean 1 ID : 1 function : no params,tests/cisa/exchange/Test-MtCisaImpersonationTip.Tests.ps1,2,Test-MtCisaImpersonationTip,powershell/public/cisa/exchange/Test-MtCisaImpersonationTip.ps1
cisa,CISA.MS.EXO.13.1,OK clean 1 ID : 1 function : no params,tests/cisa/exchange/Test-MtCisaMailboxAuditing.Tests.ps1,2,Test-MtCisaMailboxAuditing,powershell/public/cisa/exchange/Test-MtCisaMailboxAuditing.ps1
cisa,CISA.MS.EXO.11.3,OK clean 1 ID : 1 function : no params,tests/cisa/exchange/Test-MtCisaMailboxIntelligence.Tests.ps1,2,Test-MtCisaMailboxIntelligence,powershell/public/cisa/exchange/Test-MtCisaMailboxIntelligence.ps1
cisa,CISA.MS.EXO.10.2,OK clean 1 ID : 1 function : no params,tests/cisa/exchange/Test-MtCisaMalwareAction.Tests.ps1,2,Test-MtCisaMalwareAction,powershell/public/cisa/exchange/Test-MtCisaMalwareAction.ps1
cisa,CISA.MS.EXO.10.1,E4 one function serves several IDs (parameterised),tests/cisa/exchange/Test-MtCisaMalwareScan.Tests.ps1,2,Test-MtCisaAttachmentFilter,powershell/public/cisa/exchange/Test-MtCisaAttachmentFilter.ps1
cisa,CISA.MS.EXO.10.3,OK clean 1 ID : 1 function : no params,tests/cisa/exchange/Test-MtCisaMalwareZap.Tests.ps1,2,Test-MtCisaMalwareZap,powershell/public/cisa/exchange/Test-MtCisaMalwareZap.ps1
cisa,CISA.MS.EXO.15.1,OK clean 1 ID : 1 function : no params,tests/cisa/exchange/Test-MtCisaSafeLink.Tests.ps1,2,Test-MtCisaSafeLink,powershell/public/cisa/exchange/Test-MtCisaSafeLink.ps1
cisa,CISA.MS.EXO.15.3,OK clean 1 ID : 1 function : no params,tests/cisa/exchange/Test-MtCisaSafeLinkClickTracking.Tests.ps1,2,Test-MtCisaSafeLinkClickTracking,powershell/public/cisa/exchange/Test-MtCisaSafeLinkClickTracking.ps1
cisa,CISA.MS.EXO.15.2,OK clean 1 ID : 1 function : no params,tests/cisa/exchange/Test-MtCisaSafeLinkDownloadScan.Tests.ps1,2,Test-MtCisaSafeLinkDownloadScan,powershell/public/cisa/exchange/Test-MtCisaSafeLinkDownloadScan.ps1
cisa,CISA.MS.EXO.5.1,OK clean 1 ID : 1 function : no params,tests/cisa/exchange/Test-MtCisaSmtpAuthentication.Tests.ps1,2,Test-MtCisaSmtpAuthentication,powershell/public/cisa/exchange/Test-MtCisaSmtpAuthentication.ps1
cisa,CISA.MS.EXO.14.2,OK clean 1 ID : 1 function : no params,tests/cisa/exchange/Test-MtCisaSpamAction.Tests.ps1,2,Test-MtCisaSpamAction,powershell/public/cisa/exchange/Test-MtCisaSpamAction.ps1
cisa,CISA.MS.EXO.14.4,OK clean 1 ID : 1 function : no params,tests/cisa/exchange/Test-MtCisaSpamAlternative.Tests.ps1,2,Test-MtCisaSpamAlternative,powershell/public/cisa/exchange/Test-MtCisaSpamAlternative.ps1
cisa,CISA.MS.EXO.14.3,OK clean 1 ID : 1 function : no params,tests/cisa/exchange/Test-MtCisaSpamBypass.Tests.ps1,2,Test-MtCisaSpamBypass,powershell/public/cisa/exchange/Test-MtCisaSpamBypass.ps1
cisa,CISA.MS.EXO.14.1,OK clean 1 ID : 1 function : no params,tests/cisa/exchange/Test-MtCisaSpamFilter.Tests.ps1,2,Test-MtCisaSpamFilter,powershell/public/cisa/exchange/Test-MtCisaSpamFilter.ps1
cisa,CISA.MS.EXO.2.2,OK clean 1 ID : 1 function : no params,tests/cisa/exchange/Test-MtCisaSpfDirective.Tests.ps1,2,Test-MtCisaSpfDirective,powershell/public/cisa/exchange/Test-MtCisaSpfDirective.ps1
cisa,CISA.MS.EXO.2.1,OK clean 1 ID : 1 function : no params,tests/cisa/exchange/Test-MtCisaSpfRestriction.Tests.ps1,2,Test-MtCisaSpfRestriction,powershell/public/cisa/exchange/Test-MtCisaSpfRestriction.ps1
cisa,CISA.MS.SHAREPOINT.3.1,OK clean 1 ID : 1 function : no params,tests/cisa/spo/Test-MtCisaSpoAnyoneLinkExpiration.Tests.ps1,2,Test-MtCisaSpoAnyoneLinkExpiration,powershell/public/cisa/spo/Test-MtCisaSpoAnyoneLinkExpiration.ps1
cisa,CISA.MS.SHAREPOINT.3.2,OK clean 1 ID : 1 function : no params,tests/cisa/spo/Test-MtCisaSpoAnyoneLinkPermission.Tests.ps1,2,Test-MtCisaSpoAnyoneLinkPermission,powershell/public/cisa/spo/Test-MtCisaSpoAnyoneLinkPermission.ps1
cisa,CISA.MS.SHAREPOINT.2.2,OK clean 1 ID : 1 function : no params,tests/cisa/spo/Test-MtCisaSpoDefaultSharingPermission.Tests.ps1,2,Test-MtCisaSpoDefaultSharingPermission,powershell/public/cisa/spo/Test-MtCisaSpoDefaultSharingPermission.ps1
cisa,CISA.MS.SHAREPOINT.2.1,OK clean 1 ID : 1 function : no params,tests/cisa/spo/Test-MtCisaSpoDefaultSharingScope.Tests.ps1,2,Test-MtCisaSpoDefaultSharingScope,powershell/public/cisa/spo/Test-MtCisaSpoDefaultSharingScope.ps1
cisa,CISA.MS.SHAREPOINT.1.2,OK clean 1 ID : 1 function : no params,tests/cisa/spo/Test-MtCisaSpoOneDriveSharing.Tests.ps1,2,Test-MtCisaSpoOneDriveSharing,powershell/public/cisa/spo/Test-MtCisaSpoOneDriveSharing.ps1
cisa,CISA.MS.SHAREPOINT.1.1,OK clean 1 ID : 1 function : no params,tests/cisa/spo/Test-MtCisaSpoSharing.Tests.ps1,2,Test-MtCisaSpoSharing,powershell/public/cisa/spo/Test-MtCisaSpoSharing.ps1
cisa,CISA.MS.SHAREPOINT.1.3,OK clean 1 ID : 1 function : no params,tests/cisa/spo/Test-MtCisaSpoSharingAllowedDomain.Tests.ps1,2,Test-MtCisaSpoSharingAllowedDomain,powershell/public/cisa/spo/Test-MtCisaSpoSharingAllowedDomain.ps1
cisa,CISA.MS.SHAREPOINT.3.3,OK clean 1 ID : 1 function : no params,tests/cisa/spo/Test-MtCisaSpoVerificationCodeReauth.Tests.ps1,2,Test-MtCisaSpoVerificationCodeReauth,powershell/public/cisa/spo/Test-MtCisaSpoVerificationCodeReauth.ps1
cisa,CISA.MS.AAD.7.8,E4 one function serves several IDs (parameterised),tests/cisa/entra/Test-MtCisaActivationNotificationGlobalAdmin.Tests.ps1,2,Test-MtCisaActivationNotification,powershell/public/cisa/entra/Test-MtCisaActivationNotification.ps1
cisa,CISA.MS.AAD.7.9,E4 one function serves several IDs (parameterised),tests/cisa/entra/Test-MtCisaActivationNotificationOther.Tests.ps1,2,Test-MtCisaActivationNotification,powershell/public/cisa/entra/Test-MtCisaActivationNotification.ps1
cisa,CISA.MS.AAD.5.3,OK clean 1 ID : 1 function : no params,tests/cisa/entra/Test-MtCisaAppAdminConsent.Tests.ps1,2,Test-MtCisaAppAdminConsent,powershell/public/cisa/entra/Test-MtCisaAppAdminConsent.ps1
cisa,CISA.MS.AAD.5.4,OK clean 1 ID : 1 function : no params,tests/cisa/entra/Test-MtCisaAppGroupOwnerConsent.Tests.ps1,2,Test-MtCisaAppGroupOwnerConsent,powershell/public/cisa/entra/Test-MtCisaAppGroupOwnerConsent.ps1
cisa,CISA.MS.AAD.5.1,OK clean 1 ID : 1 function : no params,tests/cisa/entra/Test-MtCisaAppRegistration.Tests.ps1,2,Test-MtCisaAppRegistration,powershell/public/cisa/entra/Test-MtCisaAppRegistration.ps1
cisa,CISA.MS.AAD.5.2,OK clean 1 ID : 1 function : no params,tests/cisa/entra/Test-MtCisaAppUserConsent.Tests.ps1,2,Test-MtCisaAppUserConsent,powershell/public/cisa/entra/Test-MtCisaAppUserConsent.ps1
cisa,CISA.MS.AAD.7.7,OK clean 1 ID : 1 function : no params,tests/cisa/entra/Test-MtCisaAssignmentNotification.Tests.ps1,2,Test-MtCisaAssignmentNotification,powershell/public/cisa/entra/Test-MtCisaAssignmentNotification.ps1
cisa,CISA.MS.AAD.3.3,OK clean 1 ID : 1 function : no params,tests/cisa/entra/Test-MtCisaAuthenticatorContext.Tests.ps1,2,Test-MtCisaAuthenticatorContext,powershell/public/cisa/entra/Test-MtCisaAuthenticatorContext.ps1
cisa,CISA.MS.AAD.2.3,OK clean 1 ID : 1 function : no params,tests/cisa/entra/Test-MtCisaBlockHighRiskSignIns.Tests.ps1,2,Test-MtCisaBlockHighRiskSignIn,powershell/public/cisa/entra/Test-MtCisaBlockHighRiskSignIn.ps1
cisa,CISA.MS.AAD.2.1,OK clean 1 ID : 1 function : no params,tests/cisa/entra/Test-MtCisaBlockHighRiskUsers.Tests.ps1,2,Test-MtCisaBlockHighRiskUser,powershell/public/cisa/entra/Test-MtCisaBlockHighRiskUser.ps1
cisa,CISA.MS.AAD.1.1,OK clean 1 ID : 1 function : no params,tests/cisa/entra/Test-MtCisaBlockLegacyAuth.Tests.ps1,2,Test-MtCisaBlockLegacyAuth,powershell/public/cisa/entra/Test-MtCisaBlockLegacyAuth.ps1
cisa,CISA.MS.AAD.7.3,OK clean 1 ID : 1 function : no params,tests/cisa/entra/Test-MtCisaCloudGlobalAdmin.Tests.ps1,2,Test-MtCisaCloudGlobalAdmin,powershell/public/cisa/entra/Test-MtCisaCloudGlobalAdmin.ps1
cisa,CISA.MS.AAD.8.3,OK clean 1 ID : 1 function : no params,tests/cisa/entra/Test-MtCisaCrossTenantInboundDefault.Tests.ps1,2,Test-MtCisaCrossTenantInboundDefault,powershell/public/cisa/entra/Test-MtCisaCrossTenantInboundDefault.ps1
cisa,CISA.MS.AAD.4.1,OK clean 1 ID : 1 function : no params,tests/cisa/entra/Test-MtCisaDiagnosticSettings.Tests.ps1,2,Test-MtCisaDiagnosticSettings,powershell/public/cisa/entra/Test-MtCisaDiagnosticSettings.ps1
cisa,CISA.MS.AAD.7.1,OK clean 1 ID : 1 function : no params,tests/cisa/entra/Test-MtCisaGlobalAdminCount.Tests.ps1,2,Test-MtCisaGlobalAdminCount,powershell/public/cisa/entra/Test-MtCisaGlobalAdminCount.ps1
cisa,CISA.MS.AAD.7.2,OK clean 1 ID : 1 function : no params,tests/cisa/entra/Test-MtCisaGlobalAdminRatio.Tests.ps1,2,Test-MtCisaGlobalAdminRatio,powershell/public/cisa/entra/Test-MtCisaGlobalAdminRatio.ps1
cisa,CISA.MS.AAD.8.2,OK clean 1 ID : 1 function : no params,tests/cisa/entra/Test-MtCisaGuestInvitation.Tests.ps1,2,Test-MtCisaGuestInvitation,powershell/public/cisa/entra/Test-MtCisaGuestInvitation.ps1
cisa,CISA.MS.AAD.8.1,OK clean 1 ID : 1 function : no params,tests/cisa/entra/Test-MtCisaGuestUserAccess.Tests.ps1,2,Test-MtCisaGuestUserAccess,powershell/public/cisa/entra/Test-MtCisaGuestUserAccess.ps1
cisa,CISA.MS.AAD.3.7,E3 one ID -> multiple function calls in one It,tests/cisa/entra/Test-MtCisaManagedDevice.Tests.ps1,2,Test-MtCisaManagedDevice;Test-MtCisaManagedDevice,powershell/public/cisa/entra/Test-MtCisaManagedDevice.ps1;powershell/public/cisa/entra/Test-MtCisaManagedDevice.ps1
cisa,CISA.MS.AAD.3.8,E3 one ID -> multiple function calls in one It,tests/cisa/entra/Test-MtCisaManagedDeviceRegistration.Tests.ps1,2,Test-MtCisaManagedDeviceRegistration;Test-MtCisaManagedDeviceRegistration,powershell/public/cisa/entra/Test-MtCisaManagedDeviceRegistration.ps1;powershell/public/cisa/entra/Test-MtCisaManagedDeviceRegistration.ps1
cisa,CISA.MS.AAD.3.4,OK clean 1 ID : 1 function : no params,tests/cisa/entra/Test-MtCisaMethodsMigration.Tests.ps1,2,Test-MtCisaMethodsMigration,powershell/public/cisa/entra/Test-MtCisaMethodsMigration.ps1
cisa,CISA.MS.AAD.3.2,OK clean 1 ID : 1 function : no params,tests/cisa/entra/Test-MtCisaMfa.Tests.ps1,2,Test-MtCisaMfa,powershell/public/cisa/entra/Test-MtCisaMfa.ps1
cisa,CISA.MS.AAD.2.2,OK clean 1 ID : 1 function : no params,tests/cisa/entra/Test-MtCisaNotifyHighRiskUsers.Tests.ps1,2,Test-MtCisaNotifyHighRisk,powershell/public/cisa/entra/Test-MtCisaNotifyHighRisk.ps1
cisa,CISA.MS.AAD.6.1,OK clean 1 ID : 1 function : no params,tests/cisa/entra/Test-MtCisaPasswordExpiration.Tests.ps1,2,Test-MtCisaPasswordExpiration,powershell/public/cisa/entra/Test-MtCisaPasswordExpiration.ps1
cisa,CISA.MS.AAD.7.4,OK clean 1 ID : 1 function : no params,tests/cisa/entra/Test-MtCisaPermanentRoleAssignment.Tests.ps1,2,Test-MtCisaPermanentRoleAssignment,powershell/public/cisa/entra/Test-MtCisaPermanentRoleAssignment.ps1
cisa,CISA.MS.AAD.3.1,OK clean 1 ID : 1 function : no params,tests/cisa/entra/Test-MtCisaPhishResistant.Tests.ps1,2,Test-MtCisaPhishResistant,powershell/public/cisa/entra/Test-MtCisaPhishResistant.ps1
cisa,CISA.MS.AAD.3.6,OK clean 1 ID : 1 function : no params,tests/cisa/entra/Test-MtCisaPrivilegedPhishResistant.Tests.ps1,2,Test-MtCisaPrivilegedPhishResistant,powershell/public/cisa/entra/Test-MtCisaPrivilegedPhishResistant.ps1
cisa,CISA.MS.AAD.7.6,OK clean 1 ID : 1 function : no params,tests/cisa/entra/Test-MtCisaRequireActivationApproval.Tests.ps1,2,Test-MtCisaRequireActivationApproval,powershell/public/cisa/entra/Test-MtCisaRequireActivationApproval.ps1
cisa,CISA.MS.AAD.7.5,OK clean 1 ID : 1 function : no params,tests/cisa/entra/Test-MtCisaUnmanagedRoleAssignments.Tests.ps1,2,Test-MtCisaUnmanagedRoleAssignment,powershell/public/cisa/entra/Test-MtCisaUnmanagedRoleAssignment.ps1
cisa,CISA.MS.AAD.3.5,OK clean 1 ID : 1 function : no params,tests/cisa/entra/Test-MtCisaWeakFactor.Tests.ps1,2,Test-MtCisaWeakFactor,powershell/public/cisa/entra/Test-MtCisaWeakFactor.ps1
cis,CIS.M365.1.2.1,OK clean 1 ID : 1 function : no params,tests/cis/Test-MtCis365PublicGroup.Tests.ps1,2,Test-MtCis365PublicGroup,powershell/public/cis/Test-MtCis365PublicGroup.ps1
cis,CIS.M365.5.1.5.2,OK clean 1 ID : 1 function : no params,tests/cis/Test-MtCisAdminConsentWorkflowEnabled.Tests.ps1,2,Test-MtCisAdminConsentWorkflowEnabled,powershell/public/cis/Test-MtCisAdminConsentWorkflowEnabled.ps1
cis,CIS.M365.2.1.2,OK clean 1 ID : 1 function : no params,tests/cis/Test-MtCisAttachmentFilter.Tests.ps1,2,Test-MtCisAttachmentFilter,powershell/public/cis/Test-MtCisAttachmentFilter.ps1
cis,CIS.M365.2.1.11,OK clean 1 ID : 1 function : no params,tests/cis/Test-MtCisAttachmentFilterComprehensive.Tests.ps1,2,Test-MtCisAttachmentFilterComprehensive,powershell/public/cis/Test-MtCisAttachmentFilterComprehensive.ps1
cis,CIS.M365.3.1.1,OK clean 1 ID : 1 function : no params,tests/cis/Test-MtCisAuditLogSearch.Tests.ps1,2,Test-MtCisAuditLogSearch,powershell/public/cis/Test-MtCisAuditLogSearch.ps1
cis,CIS.M365.1.3.3,OK clean 1 ID : 1 function : no params,tests/cis/Test-MtCisCalendarSharing.Tests.ps1,2,Test-MtCisCalendarSharing,powershell/public/cis/Test-MtCisCalendarSharing.ps1
cis,CIS.M365.1.1.1,OK clean 1 ID : 1 function : no params,tests/cis/Test-MtCisCloudAdmin.Tests.ps1,2,Test-MtCisCloudAdmin,powershell/public/cis/Test-MtCisCloudAdmin.ps1
cis,CIS.M365.8.2.3,OK clean 1 ID : 1 function : no params,tests/cis/Test-MtCisCommunicateInitiateExternalTeamsUsers.Tests.ps1,2,Test-MtCisCommunicateInitiateExternalTeamsUsers,powershell/public/cis/Test-MtCisCommunicateInitiateExternalTeamsUsers.ps1
cis,CIS.M365.8.2.2,OK clean 1 ID : 1 function : no params,tests/cis/Test-MtCisCommunicateWithUnmanagedTeamsUsers.Tests.ps1,2,Test-MtCisCommunicateWithUnmanagedTeamsUsers,powershell/public/cis/Test-MtCisCommunicateWithUnmanagedTeamsUsers.ps1
cis,CIS.M365.2.1.13,OK clean 1 ID : 1 function : no params,tests/cis/Test-MtCisConnectionFilterSafeList.Tests.ps1,2,Test-MtCisConnectionFilterSafeList,powershell/public/cis/Test-MtCisConnectionFilterSafeList.ps1
cis,CIS.M365.5.1.2.3,OK clean 1 ID : 1 function : no params,tests/cis/Test-MtCisCreateTenantDisallowed.Tests.ps1,2,Test-MtCisCreateTenantDisallowed,powershell/public/cis/Test-MtCisCreateTenantDisallowed.ps1
cis,CIS.M365.1.3.6,OK clean 1 ID : 1 function : no params,tests/cis/Test-MtCisCustomerLockBox.Tests.ps1,2,Test-MtCisCustomerLockBox,powershell/public/cis/Test-MtCisCustomerLockBox.ps1
cis,CIS.M365.4.1,OK clean 1 ID : 1 function : no params,tests/cis/Test-MtCisDevicesWithoutCompliancePolicyMarked.Tests.ps1,2,Test-MtCisDevicesWithoutCompliancePolicyMarked,powershell/public/cis/Test-MtCisDevicesWithoutCompliancePolicyMarked.ps1
cis,CIS.M365.2.1.9,OK clean 1 ID : 1 function : no params,tests/cis/Test-MtCisDkim.Tests.ps1,2,Test-MtCisDkim,powershell/public/cis/Test-MtCisDkim.ps1
cis,CIS.M365.5.1.4.6,OK clean 1 ID : 1 function : no params,tests/cis/Test-MtCisEnsureBitLockerKeyRecoveryRestricted.Tests.ps1,2,Test-MtCisEnsureBitLockerKeyRecoveryRestricted,powershell/public/cis/Test-MtCisEnsureBitLockerKeyRecoveryRestricted.ps1
cis,CIS.M365.5.1.6.2,OK clean 1 ID : 1 function : no params,tests/cis/Test-MtCisEnsureGuestAccessRestricted.Tests.ps1,2,Test-MtCisEnsureGuestAccessRestricted,powershell/public/cis/Test-MtCisEnsureGuestAccessRestricted.ps1
cis,CIS.M365.5.1.5.1,OK clean 1 ID : 1 function : no params,tests/cis/Test-MtCisEnsureUserConsentToAppsDisallowed.Tests.ps1,2,Test-MtCisEnsureUserConsentToAppsDisallowed,powershell/public/cis/Test-MtCisEnsureUserConsentToAppsDisallowed.ps1
cis,CIS.M365.6.5.3,OK clean 1 ID : 1 function : no params,tests/cis/Test-MtCisExoAdditionalStorageProvider.Tests.ps1,2,Test-MtCisExoAdditionalStorageProvider,powershell/public/cis/Test-MtCisExoAdditionalStorageProvider.ps1
cis,CIS.M365.1.3.5,OK clean 1 ID : 1 function : no params,tests/cis/Test-MtCisFormsPhishingProtectionEnabled.Tests.ps1,2,Test-MtCisFormsPhishingProtectionEnabled,powershell/public/cis/Test-MtCisFormsPhishingProtectionEnabled.ps1
cis,CIS.GH.1.2.4,OK clean 1 ID : 1 function : no params,tests/cis/Test-MtCisGitHubIssueDeletionLimited.Tests.ps1,2,Test-MtCisGitHubIssueDeletionLimited,powershell/public/cis/Test-MtCisGitHubIssueDeletionLimited.ps1
cis,CIS.GH.1.2.2,OK clean 1 ID : 1 function : no params,tests/cis/Test-MtCisGitHubRepositoryCreationLimited.Tests.ps1,2,Test-MtCisGitHubRepositoryCreationLimited,powershell/public/cis/Test-MtCisGitHubRepositoryCreationLimited.ps1
cis,CIS.GH.1.2.3,OK clean 1 ID : 1 function : no params,tests/cis/Test-MtCisGitHubRepositoryDeletionLimited.Tests.ps1,2,Test-MtCisGitHubRepositoryDeletionLimited,powershell/public/cis/Test-MtCisGitHubRepositoryDeletionLimited.ps1
cis,CIS.GH.1.3.8,OK clean 1 ID : 1 function : no params,tests/cis/Test-MtCisGitHubStrictBasePermission.Tests.ps1,2,Test-MtCisGitHubStrictBasePermission,powershell/public/cis/Test-MtCisGitHubStrictBasePermission.ps1
cis,CIS.GH.1.3.2,OK clean 1 ID : 1 function : no params,tests/cis/Test-MtCisGitHubTeamCreationLimited.Tests.ps1,2,Test-MtCisGitHubTeamCreationLimited,powershell/public/cis/Test-MtCisGitHubTeamCreationLimited.ps1
cis,CIS.M365.1.1.3,OK clean 1 ID : 1 function : no params,tests/cis/Test-MtCisGlobalAdminCount.Tests.ps1,2,Test-MtCisGlobalAdminCount,powershell/public/cis/Test-MtCisGlobalAdminCount.ps1
cis,CIS.M365.2.1.12,OK clean 1 ID : 1 function : no params,tests/cis/Test-MtCisHostedConnectionFilterPolicy.Tests.ps1,2,Test-MtCisHostedConnectionFilterPolicy,powershell/public/cis/Test-MtCisHostedConnectionFilterPolicy.ps1
cis,CIS.M365.2.1.3,OK clean 1 ID : 1 function : no params,tests/cis/Test-MtCisInternalMalwareNotification.Tests.ps1,2,Test-MtCisInternalMalwareNotification,powershell/public/cis/Test-MtCisInternalMalwareNotification.ps1
cis,CIS.M365.2.1.6,OK clean 1 ID : 1 function : no params,tests/cis/Test-MtCisOutboundSpamFilterPolicy.Tests.ps1,2,Test-MtCisOutboundSpamFilterPolicy,powershell/public/cis/Test-MtCisOutboundSpamFilterPolicy.ps1
cis,CIS.M365.1.3.1,OK clean 1 ID : 1 function : no params,tests/cis/Test-MtCisPasswordExpiry.Tests.ps1,2,Test-MtCisPasswordExpiry,powershell/public/cis/Test-MtCisPasswordExpiry.ps1
cis,CIS.M365.2.1.7,OK clean 1 ID : 1 function : no params,tests/cis/Test-MtCisSafeAntiPhishingPolicy.Tests.ps1,2,Test-MtCisSafeAntiPhishingPolicy,powershell/public/cis/Test-MtCisSafeAntiPhishingPolicy.ps1
cis,CIS.M365.2.1.4,OK clean 1 ID : 1 function : no params,tests/cis/Test-MtCisSafeAttachment.Tests.ps1,2,Test-MtCisSafeAttachment,powershell/public/cis/Test-MtCisSafeAttachment.ps1
cis,CIS.M365.2.1.5,OK clean 1 ID : 1 function : no params,tests/cis/Test-MtCisSafeAttachmentsAtpPolicy.Tests.ps1,2,Test-MtCisSafeAttachmentsAtpPolicy,powershell/public/cis/Test-MtCisSafeAttachmentsAtpPolicy.ps1
cis,CIS.M365.2.1.1,OK clean 1 ID : 1 function : no params,tests/cis/Test-MtCisSafeLink.Tests.ps1,2,Test-MtCisSafeLink,powershell/public/cis/Test-MtCisSafeLink.ps1
cis,CIS.M365.1.2.2,OK clean 1 ID : 1 function : no params,tests/cis/Test-MtCisSharedMailboxSignIn.Tests.ps1,2,Test-MtCisSharedMailboxSignIn,powershell/public/cis/Test-MtCisSharedMailboxSignIn.ps1
cis,CIS.M365.7.2.2,OK clean 1 ID : 1 function : no params,tests/cis/Test-MtCisSpoB2BIntegration.Tests.ps1,2,Test-MtCisSpoB2BIntegration,powershell/public/cis/Test-MtCisSpoB2BIntegration.ps1
cis,CIS.M365.7.2.7,OK clean 1 ID : 1 function : no params,tests/cis/Test-MtCisSpoDefaultSharingLink.Tests.ps1,2,Test-MtCisSpoDefaultSharingLink,powershell/public/cis/Test-MtCisSpoDefaultSharingLink.ps1
cis,CIS.M365.7.2.11,OK clean 1 ID : 1 function : no params,tests/cis/Test-MtCisSpoDefaultSharingLinkPermission.Tests.ps1,2,Test-MtCisSpoDefaultSharingLinkPermission,powershell/public/cis/Test-MtCisSpoDefaultSharingLinkPermission.ps1
cis,CIS.M365.7.2.9,OK clean 1 ID : 1 function : no params,tests/cis/Test-MtCisSpoGuestAccessExpiry.Tests.ps1,2,Test-MtCisSpoGuestAccessExpiry,powershell/public/cis/Test-MtCisSpoGuestAccessExpiry.ps1
cis,CIS.M365.7.2.5,OK clean 1 ID : 1 function : no params,tests/cis/Test-MtCisSpoGuestCannotShareUnownedItem.Tests.ps1,2,Test-MtCisSpoGuestCannotShareUnownedItem,powershell/public/cis/Test-MtCisSpoGuestCannotShareUnownedItem.ps1
cis,CIS.M365.7.3.1,OK clean 1 ID : 1 function : no params,tests/cis/Test-MtCisSpoPreventDownloadMaliciousFile.Tests.ps1,2,Test-MtCisSpoPreventDownloadMaliciousFile,powershell/public/cis/Test-MtCisSpoPreventDownloadMaliciousFile.ps1
cis,CIS.M365.8.5.3,OK clean 1 ID : 1 function : no params,tests/cis/Test-MtCisTeamsLobbyBypass.Tests.ps1,2,Test-MtCisTeamsLobbyBypass,powershell/public/cis/Test-MtCisTeamsLobbyBypass.ps1
cis,CIS.M365.8.6.1,OK clean 1 ID : 1 function : no params,tests/cis/Test-MtCisTeamsReportSecurityConcerns.Tests.ps1,2,Test-MtCisTeamsReportSecurityConcerns,powershell/public/cis/Test-MtCisTeamsReportSecurityConcerns.ps1
cis,CIS.M365.8.4.1,OK clean 1 ID : 1 function : no params,tests/cis/Test-MtCisThirdPartyAndCustomApps.Tests.ps1,2,Test-MtCisThirdPartyAndCustomApps,powershell/public/cis/Test-MtCisThirdPartyAndCustomApps.ps1
cis,CIS.M365.5.1.2.2,OK clean 1 ID : 1 function : no params,tests/cis/Test-MtCisThirdPartyApplicationsDisallowed.Tests.ps1,2,Test-MtCisThirdPartyApplicationsDisallowed,powershell/public/cis/Test-MtCisThirdPartyApplicationsDisallowed.ps1
cis,CIS.M365.8.1.1,OK clean 1 ID : 1 function : no params,tests/cis/Test-MtCisThirdPartyFileSharing.Tests.ps1,2,Test-MtCisThirdPartyFileSharing,powershell/public/cis/Test-MtCisThirdPartyFileSharing.ps1
cis,CIS.M365.1.3.7,OK clean 1 ID : 1 function : no params,tests/cis/Test-MtCisThirdPartyStorageServicesRestricted.Tests.ps1,2,Test-MtCisThirdPartyStorageServicesRestricted,powershell/public/cis/Test-MtCisThirdPartyStorageServicesRestricted.ps1
cis,CIS.M365.1.3.4,OK clean 1 ID : 1 function : no params,tests/cis/Test-MtCisUserOwnedAppsRestricted.Tests.ps1,2,Test-MtCisUserOwnedAppsRestricted,powershell/public/cis/Test-MtCisUserOwnedAppsRestricted.ps1
cis,CIS.M365.5.2.3.5,OK clean 1 ID : 1 function : no params,tests/cis/Test-MtCisWeakAuthenticationMethodsDisabled.Tests.ps1,2,Test-MtCisWeakAuthenticationMethodsDisabled,powershell/public/cis/Test-MtCisWeakAuthenticationMethodsDisabled.ps1
cis,CIS.M365.2.4.4,OK clean 1 ID : 1 function : no params,tests/cis/Test-MtCisZAP.Tests.ps1,2,Test-MtCisZAP,powershell/public/cis/Test-MtCisZAP.ps1
Maester,MT.1043,OK clean 1 ID : 1 function : no params,tests/Maester/Exchange/Test-ExchangeSetting.Tests.ps1,3,Test-MtExoSetScl,powershell/public/maester/exchange/Test-MtExoSetScl.ps1
Maester,MT.1044,OK clean 1 ID : 1 function : no params,tests/Maester/Exchange/Test-ExchangeSetting.Tests.ps1,11,Test-MtExoModernAuth,powershell/public/maester/exchange/Test-MtExoModernAuth.ps1
Maester,MT.1039,OK clean 1 ID : 1 function : no params,tests/Maester/Exchange/Test-ExchangeSetting.Tests.ps1,19,Test-MtExoMailTip,powershell/public/maester/exchange/Test-MtExoMailTip.ps1
Maester,MT.1041,OK clean 1 ID : 1 function : no params,tests/Maester/Exchange/Test-ExchangeSetting.Tests.ps1,27,Test-MtExoOutlookAddin,powershell/public/maester/exchange/Test-MtExoOutlookAddin.ps1
Maester,MT.1062,OK clean 1 ID : 1 function : no params,tests/Maester/Exchange/Test-ExchangeSetting.Tests.ps1,35,Test-MtExoRejectDirectSend,powershell/public/maester/exchange/Test-MtExoRejectDirectSend.ps1
Maester,MT.1074,OK clean 1 ID : 1 function : no params,tests/Maester/Exchange/Test-ExchangeSetting.Tests.ps1,44,Test-MtLimitOnMicrosoftDomainUsage,powershell/public/maester/exchange/Test-MtLimitOnMicrosoftDomainUsage.ps1
Maester,MT.1076,OK clean 1 ID : 1 function : no params,tests/Maester/Exchange/Test-ExchangeSetting.Tests.ps1,53,Test-MtExoMoeraMailActivity,powershell/public/maester/exchange/Test-MtExoMoeraMailActivity.ps1
Maester,MT.1083,OK clean 1 ID : 1 function : no params,tests/Maester/Exchange/Test-ExchangeSetting.Tests.ps1,62,Test-MtExoDelicensingResiliency,powershell/public/maester/exchange/Test-MtExoDelicensingResiliency.ps1
Maester,MT.1194,OK clean 1 ID : 1 function : no params,tests/Maester/GlobalSecureAccess/Test-MtGsaBaselineThreatIntelligenceEnforced.Tests.ps1,2,Test-MtGsaBaselineThreatIntelligenceEnforced,powershell/public/maester/globalsecureaccess/Test-MtGsaBaselineThreatIntelligenceEnforced.ps1
Maester,MT.1191,OK clean 1 ID : 1 function : no params,tests/Maester/GlobalSecureAccess/Test-MtGsaCompliantNetworkBreakGlassExcluded.Tests.ps1,2,Test-MtGsaCompliantNetworkBreakGlassExcluded,powershell/public/maester/globalsecureaccess/Test-MtGsaCompliantNetworkBreakGlassExcluded.ps1
Maester,MT.1189,OK clean 1 ID : 1 function : no params,tests/Maester/GlobalSecureAccess/Test-MtGsaForwardingProfileAssignmentNotNested.Tests.ps1,2,Test-MtGsaForwardingProfileAssignmentNotNested,powershell/public/maester/globalsecureaccess/Test-MtGsaForwardingProfileAssignmentNotNested.ps1
Maester,MT.1187,OK clean 1 ID : 1 function : no params,tests/Maester/GlobalSecureAccess/Test-MtGsaM365ProfileEnabled.Tests.ps1,2,Test-MtGsaM365ProfileEnabled,powershell/public/maester/globalsecureaccess/Test-MtGsaM365ProfileEnabled.ps1
Maester,MT.1192,OK clean 1 ID : 1 function : no params,tests/Maester/GlobalSecureAccess/Test-MtGsaPrivateAccessAppAssignmentNotNested.Tests.ps1,2,Test-MtGsaPrivateAccessAppAssignmentNotNested,powershell/public/maester/globalsecureaccess/Test-MtGsaPrivateAccessAppAssignmentNotNested.ps1
Maester,MT.1188,OK clean 1 ID : 1 function : no params,tests/Maester/GlobalSecureAccess/Test-MtGsaPrivateAccessAppCompliantDevice.Tests.ps1,2,Test-MtGsaPrivateAccessAppCompliantDevice,powershell/public/maester/globalsecureaccess/Test-MtGsaPrivateAccessAppCompliantDevice.ps1
Maester,MT.1190,OK clean 1 ID : 1 function : no params,tests/Maester/GlobalSecureAccess/Test-MtGsaPrivateAccessAppNotOnDefaultConnectorGroup.Tests.ps1,2,Test-MtGsaPrivateAccessAppNotOnDefaultConnectorGroup,powershell/public/maester/globalsecureaccess/Test-MtGsaPrivateAccessAppNotOnDefaultConnectorGroup.ps1
Maester,MT.1193,OK clean 1 ID : 1 function : no params,tests/Maester/GlobalSecureAccess/Test-MtGsaPrivateAccessAppSegmentHygiene.Tests.ps1,2,Test-MtGsaPrivateAccessAppSegmentHygiene,powershell/public/maester/globalsecureaccess/Test-MtGsaPrivateAccessAppSegmentHygiene.ps1
Maester,MT.1195,OK clean 1 ID : 1 function : no params,tests/Maester/GlobalSecureAccess/Test-MtGsaQuickAccessNoSignInFrequency.Tests.ps1,2,Test-MtGsaQuickAccessNoSignInFrequency,powershell/public/maester/globalsecureaccess/Test-MtGsaQuickAccessNoSignInFrequency.ps1
Maester,MT.1064,OK clean 1 ID : 1 function : no params,tests/Maester/Azure/Test-MtManagementGroupWriteRequirement.Tests.ps1,2,Test-MtManagementGroupWriteRequirement,powershell/public/maester/azure/Test-MtManagementGroupWriteRequirement.ps1
Maester,MT.1065,OK clean 1 ID : 1 function : no params,tests/Maester/Azure/Test-MtVaultSoftDelete.Tests.ps1,2,Test-MtVaultSoftDelete,powershell/public/maester/azure/Test-MtVaultSoftDelete.ps1
Maester,MT.1056,OK clean 1 ID : 1 function : no params,tests/Maester/Azure/UserAccessAdmin.Tests.ps1,2,Test-MtUserAccessAdmin,powershell/public/maester/azure/Test-MtUserAccessAdmin.ps1
Maester,MT1060.*,"E1 dynamic ID (data-driven, N results per definition)",tests/Maester/Drift/MT1060Drift.tests.ps1,114,,
Maester,MT1060.*,"E1 dynamic ID (data-driven, N results per definition)",tests/Maester/Drift/MT1060Drift.tests.ps1,122,,
Maester,MT1060.*,"E1 dynamic ID (data-driven, N results per definition)",tests/Maester/Drift/MT1060Drift.tests.ps1,130,,
Maester,MT1060.*,"E1 dynamic ID (data-driven, N results per definition)",tests/Maester/Drift/MT1060Drift.tests.ps1,155,,
Maester,MT.1172,OK clean 1 ID : 1 function : no params,tests/Maester/Purview/Test-MtPurviewAi.Tests.ps1,2,Test-MtPurviewAuditLogIngestion,powershell/public/maester/purview/Test-MtPurviewAuditLogIngestion.ps1
Maester,MT.1173,OK clean 1 ID : 1 function : no params,tests/Maester/Purview/Test-MtPurviewAi.Tests.ps1,9,Test-MtPurviewAiSensitivityLabelsForFiles,powershell/public/maester/purview/Test-MtPurviewAiSensitivityLabelsForFiles.ps1
Maester,MT.1174,OK clean 1 ID : 1 function : no params,tests/Maester/Purview/Test-MtPurviewAi.Tests.ps1,16,Test-MtPurviewAiInsiderRiskPolicy,powershell/public/maester/purview/Test-MtPurviewAiInsiderRiskPolicy.ps1
Maester,MT.1175,OK clean 1 ID : 1 function : no params,tests/Maester/Purview/Test-MtPurviewAi.Tests.ps1,23,Test-MtPurviewAiDlpPolicy,powershell/public/maester/purview/Test-MtPurviewAiDlpPolicy.ps1
Maester,MT.1176,OK clean 1 ID : 1 function : no params,tests/Maester/Purview/Test-MtPurviewAi.Tests.ps1,30,Test-MtPurviewAiRetentionPolicy,powershell/public/maester/purview/Test-MtPurviewAiRetentionPolicy.ps1
Maester,MT.1037,E5 1:1 but wrapper passes parameters,tests/Maester/Teams/Test-TeamsMeeting.Tests.ps1,15,Test-MtTeamsRestrictParticipantGiveRequestControl,powershell/public/maester/teams/Test-MtTeamsRestrictParticipantGiveRequestControl.ps1
Maester,MT.1045,"E2 inline logic, no dedicated function",tests/Maester/Teams/Test-TeamsMeeting.Tests.ps1,23,,
Maester,MT.1046,"E2 inline logic, no dedicated function",tests/Maester/Teams/Test-TeamsMeeting.Tests.ps1,51,,
Maester,MT.1047,"E2 inline logic, no dedicated function",tests/Maester/Teams/Test-TeamsMeeting.Tests.ps1,74,,
Maester,MT.1048,"E2 inline logic, no dedicated function",tests/Maester/Teams/Test-TeamsMeeting.Tests.ps1,97,,
Maester,MT.1042,"E2 inline logic, no dedicated function",tests/Maester/Teams/Test-TeamsMeeting.Tests.ps1,120,,
Maester,MT.1092,OK clean 1 ID : 1 function : no params,tests/Maester/Intune/Test-MtIntuneConnectorHealth.Tests.ps1,2,Test-MtApplePushNotificationCertificate,powershell/public/maester/intune/Test-MtApplePushNotificationCertificate.ps1
Maester,MT.1093,OK clean 1 ID : 1 function : no params,tests/Maester/Intune/Test-MtIntuneConnectorHealth.Tests.ps1,8,Test-MtAppleAutomatedDeviceEnrollmentToken,powershell/public/maester/intune/Test-MtAppleAutomatedDeviceEnrollmentToken.ps1
Maester,MT.1094,OK clean 1 ID : 1 function : no params,tests/Maester/Intune/Test-MtIntuneConnectorHealth.Tests.ps1,14,Test-MtAppleVolumePurchaseProgramToken,powershell/public/maester/intune/Test-MtAppleVolumePurchaseProgramToken.ps1
Maester,MT.1095,OK clean 1 ID : 1 function : no params,tests/Maester/Intune/Test-MtIntuneConnectorHealth.Tests.ps1,21,Test-MtAndroidEnterpriseConnection,powershell/public/maester/intune/Test-MtAndroidEnterpriseConnection.ps1
Maester,MT.1097,OK clean 1 ID : 1 function : no params,tests/Maester/Intune/Test-MtIntuneConnectorHealth.Tests.ps1,28,Test-MtCertificateConnectors,powershell/public/maester/intune/Test-MtCertificateConnectors.ps1
Maester,MT.1098,OK clean 1 ID : 1 function : no params,tests/Maester/Intune/Test-MtIntuneConnectorHealth.Tests.ps1,35,Test-MtMobileThreatDefenseConnectors,powershell/public/maester/intune/Test-MtMobileThreatDefenseConnectors.ps1
Maester,MT.1053,OK clean 1 ID : 1 function : no params,tests/Maester/Intune/Test-MtIntunePlatform.Tests.ps1,2,Test-MtManagedDeviceCleanupSettings,powershell/public/maester/intune/Test-MtManagedDeviceCleanupSettings.ps1
Maester,MT.1054,OK clean 1 ID : 1 function : no params,tests/Maester/Intune/Test-MtIntunePlatform.Tests.ps1,9,Test-MtDeviceComplianceSettings,powershell/public/maester/intune/Test-MtDeviceComplianceSettings.ps1
Maester,MT.1096,OK clean 1 ID : 1 function : no params,tests/Maester/Intune/Test-MtIntunePlatform.Tests.ps1,16,Test-MtOperationApprovalPolicies,powershell/public/maester/intune/Test-MtOperationApprovalPolicies.ps1
Maester,MT.1099,OK clean 1 ID : 1 function : no params,tests/Maester/Intune/Test-MtIntunePlatform.Tests.ps1,23,Test-MtWindowsDataProcessor,powershell/public/maester/intune/Test-MtWindowsDataProcessor.ps1
Maester,MT.1100,OK clean 1 ID : 1 function : no params,tests/Maester/Intune/Test-MtIntunePlatform.Tests.ps1,30,Test-MtIntuneDiagnosticSettings,powershell/public/maester/intune/Test-MtIntuneDiagnosticSettings.ps1
Maester,MT.1101,OK clean 1 ID : 1 function : no params,tests/Maester/Intune/Test-MtIntunePlatform.Tests.ps1,37,Test-MtTenantCustomization,powershell/public/maester/intune/Test-MtTenantCustomization.ps1
Maester,MT.1102,OK clean 1 ID : 1 function : no params,tests/Maester/Intune/Test-MtIntunePlatform.Tests.ps1,44,Test-MtFeatureUpdatePolicy,powershell/public/maester/intune/Test-MtFeatureUpdatePolicy.ps1
Maester,MT.1103,OK clean 1 ID : 1 function : no params,tests/Maester/Intune/Test-MtIntunePlatform.Tests.ps1,51,Test-MtIntuneRbacGroupsProtected,powershell/public/maester/intune/Test-MtIntuneRbacGroupsProtected.ps1
Maester,MT.1105,OK clean 1 ID : 1 function : no params,tests/Maester/Intune/Test-MtIntunePlatform.Tests.ps1,58,Test-MtMdmAuthority,powershell/public/maester/intune/Test-MtMdmAuthority.ps1
Maester,MT.1123,OK clean 1 ID : 1 function : no params,tests/Maester/Intune/Test-MtIntunePlatform.Tests.ps1,65,Test-MtBitLockerFullDiskEncryption,powershell/public/maester/intune/Test-MtBitLockerFullDiskEncryption.ps1
Maester,MT.1177,OK clean 1 ID : 1 function : no params,tests/Maester/Intune/Test-MtIntunePlatform.Tests.ps1,72,Test-MtIntuneLAPSConfiguration,powershell/public/maester/intune/Test-MtIntuneLAPSConfiguration.ps1
Maester,MT.1178,OK clean 1 ID : 1 function : no params,tests/Maester/Intune/Test-MtIntunePlatform.Tests.ps1,79,Test-MtIntuneASRRules,powershell/public/maester/intune/Test-MtIntuneASRRules.ps1
Maester,MT.1179,OK clean 1 ID : 1 function : no params,tests/Maester/Intune/Test-MtIntunePlatform.Tests.ps1,86,Test-MtIntuneAppControl,powershell/public/maester/intune/Test-MtIntuneAppControl.ps1
Maester,MT.1180,OK clean 1 ID : 1 function : no params,tests/Maester/Intune/Test-MtIntunePlatform.Tests.ps1,93,Test-MtIntuneManagedInstallerRules,powershell/public/maester/intune/Test-MtIntuneManagedInstallerRules.ps1
Maester,MT.1214,OK clean 1 ID : 1 function : no params,tests/Maester/Intune/Test-MtIntunePlatform.Tests.ps1,100,Test-MtMacOSSystemIntegrityProtection,powershell/public/maester/intune/Test-MtMacOSSystemIntegrityProtection.ps1
Maester,MT.1215,OK clean 1 ID : 1 function : no params,tests/Maester/Intune/Test-MtIntunePlatform.Tests.ps1,107,Test-MtMacOSGatekeeper,powershell/public/maester/intune/Test-MtMacOSGatekeeper.ps1
Maester,MT.1216,OK clean 1 ID : 1 function : no params,tests/Maester/Intune/Test-MtIntunePlatform.Tests.ps1,114,Test-MtMacOSDefenderRiskScore,powershell/public/maester/intune/Test-MtMacOSDefenderRiskScore.ps1
Maester,MT.1217,OK clean 1 ID : 1 function : no params,tests/Maester/Intune/Test-MtIntunePlatform.Tests.ps1,121,Test-MtMacOSLAPSConfiguration,powershell/public/maester/intune/Test-MtMacOSLAPSConfiguration.ps1
Maester,MT.1113,OK clean 1 ID : 1 function : no params,tests/Maester/AIAgent/Test-AIAgentSecurity.Tests.ps1,13,Test-MtAIAgentBroadSharing,powershell/public/maester/aiagent/Test-MtAIAgentBroadSharing.ps1
Maester,MT.1114,OK clean 1 ID : 1 function : no params,tests/Maester/AIAgent/Test-AIAgentSecurity.Tests.ps1,18,Test-MtAIAgentNoAuthentication,powershell/public/maester/aiagent/Test-MtAIAgentNoAuthentication.ps1
Maester,MT.1115,OK clean 1 ID : 1 function : no params,tests/Maester/AIAgent/Test-AIAgentSecurity.Tests.ps1,23,Test-MtAIAgentRiskyHttpConfig,powershell/public/maester/aiagent/Test-MtAIAgentRiskyHttpConfig.ps1
Maester,MT.1116,OK clean 1 ID : 1 function : no params,tests/Maester/AIAgent/Test-AIAgentSecurity.Tests.ps1,28,Test-MtAIAgentEmailExfiltration,powershell/public/maester/aiagent/Test-MtAIAgentEmailExfiltration.ps1
Maester,MT.1117,OK clean 1 ID : 1 function : no params,tests/Maester/AIAgent/Test-AIAgentSecurity.Tests.ps1,33,Test-MtAIAgentDormant,powershell/public/maester/aiagent/Test-MtAIAgentDormant.ps1
Maester,MT.1118,OK clean 1 ID : 1 function : no params,tests/Maester/AIAgent/Test-AIAgentSecurity.Tests.ps1,38,Test-MtAIAgentAuthorAuthentication,powershell/public/maester/aiagent/Test-MtAIAgentAuthorAuthentication.ps1
Maester,MT.1119,OK clean 1 ID : 1 function : no params,tests/Maester/AIAgent/Test-AIAgentSecurity.Tests.ps1,43,Test-MtAIAgentHardCodedCredentials,powershell/public/maester/aiagent/Test-MtAIAgentHardCodedCredentials.ps1
Maester,MT.1120,OK clean 1 ID : 1 function : no params,tests/Maester/AIAgent/Test-AIAgentSecurity.Tests.ps1,48,Test-MtAIAgentMcpTools,powershell/public/maester/aiagent/Test-MtAIAgentMcpTools.ps1
Maester,MT.1121,OK clean 1 ID : 1 function : no params,tests/Maester/AIAgent/Test-AIAgentSecurity.Tests.ps1,53,Test-MtAIAgentMissingInstructions,powershell/public/maester/aiagent/Test-MtAIAgentMissingInstructions.ps1
Maester,MT.1122,OK clean 1 ID : 1 function : no params,tests/Maester/AIAgent/Test-AIAgentSecurity.Tests.ps1,58,Test-MtAIAgentOrphaned,powershell/public/maester/aiagent/Test-MtAIAgentOrphaned.ps1
Maester,MT.1002,OK clean 1 ID : 1 function : no params,tests/Maester/Entra/Test-AppManagementPolicies.Tests.ps1,2,Test-MtAppManagementPolicyEnabled,powershell/public/maester/entra/Test-MtAppManagementPolicyEnabled.ps1
Maester,MT.1057,OK clean 1 ID : 1 function : no params,tests/Maester/Entra/Test-AppRegistrations.Tests.ps1,2,Test-MtAppRegistrationsWithSecrets,powershell/public/maester/entra/Test-MtAppRegistrationsWithSecrets.ps1
Maester,MT.1058,OK clean 1 ID : 1 function : no params,tests/Maester/Entra/Test-AppRegistrations.Tests.ps1,5,Test-MtSpExchangeAppAccessPolicy,powershell/public/maester/entra/Test-MtSpExchangeAppAccessPolicy.ps1
Maester,MT.1075,OK clean 1 ID : 1 function : no params,tests/Maester/Entra/Test-AppRegistrations.Tests.ps1,12,Test-MtServicePrincipalsForAllUsers,powershell/public/maester/entra/Test-MtServicePrincipalsForAllUsers.ps1
Maester,MT.1198,OK clean 1 ID : 1 function : no params,tests/Maester/Entra/Test-AppRegistrations.Tests.ps1,15,Test-MtAppRegistrationCertificateLifetime,powershell/public/maester/entra/Test-MtAppRegistrationCertificateLifetime.ps1
Maester,MT.1199,OK clean 1 ID : 1 function : no params,tests/Maester/Entra/Test-AppRegistrations.Tests.ps1,22,Test-MtAppRegistrationCredentialExpiry,powershell/public/maester/entra/Test-MtAppRegistrationCredentialExpiry.ps1
Maester,MT.1067,OK clean 1 ID : 1 function : no params,tests/Maester/Entra/Test-AuthenticationMethodBaseline.Tests.ps1,2,Test-MtAuthenticationPolicyReferencedObjectsExist,powershell/public/maester/entra/Test-MtAuthenticationPolicyReferencedObjectsExist.ps1
Maester,MT.1001,OK clean 1 ID : 1 function : no params,tests/Maester/Entra/Test-ConditionalAccessBaseline.Tests.ps1,2,Test-MtCaDeviceComplianceExists,powershell/public/maester/entra/Test-MtCaDeviceComplianceExists.ps1
Maester,MT.1003,E4 one function serves several IDs (parameterised),tests/Maester/Entra/Test-ConditionalAccessBaseline.Tests.ps1,5,Test-MtCaAllAppsExists,powershell/public/maester/entra/Test-MtCaAllAppsExists.ps1
Maester,MT.1004,E4 one function serves several IDs (parameterised),tests/Maester/Entra/Test-ConditionalAccessBaseline.Tests.ps1,8,Test-MtCaAllAppsExists,powershell/public/maester/entra/Test-MtCaAllAppsExists.ps1
Maester,MT.1005,OK clean 1 ID : 1 function : no params,tests/Maester/Entra/Test-ConditionalAccessBaseline.Tests.ps1,11,Test-MtCaEmergencyAccessExists,powershell/public/maester/entra/Test-MtCaEmergencyAccessExists.ps1
Maester,MT.1006,OK clean 1 ID : 1 function : no params,tests/Maester/Entra/Test-ConditionalAccessBaseline.Tests.ps1,14,Test-MtCaMfaForAdmin,powershell/public/maester/entra/Test-MtCaMfaForAdmin.ps1
Maester,MT.1007,OK clean 1 ID : 1 function : no params,tests/Maester/Entra/Test-ConditionalAccessBaseline.Tests.ps1,17,Test-MtCaMfaForAllUsers,powershell/public/maester/entra/Test-MtCaMfaForAllUsers.ps1
Maester,MT.1008,OK clean 1 ID : 1 function : no params,tests/Maester/Entra/Test-ConditionalAccessBaseline.Tests.ps1,20,Test-MtCaMfaForAdminManagement,powershell/public/maester/entra/Test-MtCaMfaForAdminManagement.ps1
Maester,MT.1009,OK clean 1 ID : 1 function : no params,tests/Maester/Entra/Test-ConditionalAccessBaseline.Tests.ps1,23,Test-MtCaBlockLegacyOtherAuthentication,powershell/public/maester/entra/Test-MtCaBlockLegacyOtherAuthentication.ps1
Maester,MT.1010,OK clean 1 ID : 1 function : no params,tests/Maester/Entra/Test-ConditionalAccessBaseline.Tests.ps1,26,Test-MtCaBlockLegacyExchangeActiveSyncAuthentication,powershell/public/maester/entra/Test-MtCaBlockLegacyExchangeActiveSyncAuthentication.ps1
Maester,MT.1011,OK clean 1 ID : 1 function : no params,tests/Maester/Entra/Test-ConditionalAccessBaseline.Tests.ps1,29,Test-MtCaSecureSecurityInfoRegistration,powershell/public/maester/entra/Test-MtCaSecureSecurityInfoRegistration.ps1
Maester,MT.1012,OK clean 1 ID : 1 function : no params,tests/Maester/Entra/Test-ConditionalAccessBaseline.Tests.ps1,32,Test-MtCaMfaForRiskySignIn,powershell/public/maester/entra/Test-MtCaMfaForRiskySignIn.ps1
Maester,MT.1013,OK clean 1 ID : 1 function : no params,tests/Maester/Entra/Test-ConditionalAccessBaseline.Tests.ps1,35,Test-MtCaRequirePasswordChangeForHighUserRisk,powershell/public/maester/entra/Test-MtCaRequirePasswordChangeForHighUserRisk.ps1
Maester,MT.1014,OK clean 1 ID : 1 function : no params,tests/Maester/Entra/Test-ConditionalAccessBaseline.Tests.ps1,38,Test-MtCaDeviceComplianceAdminsExists,powershell/public/maester/entra/Test-MtCaDeviceComplianceAdminsExists.ps1
Maester,MT.1015,OK clean 1 ID : 1 function : no params,tests/Maester/Entra/Test-ConditionalAccessBaseline.Tests.ps1,41,Test-MtCaBlockUnknownOrUnsupportedDevicePlatform,powershell/public/maester/entra/Test-MtCaBlockUnknownOrUnsupportedDevicePlatform.ps1
Maester,MT.1016,OK clean 1 ID : 1 function : no params,tests/Maester/Entra/Test-ConditionalAccessBaseline.Tests.ps1,44,Test-MtCaMfaForGuest,powershell/public/maester/entra/Test-MtCaMfaForGuest.ps1
Maester,MT.1017,OK clean 1 ID : 1 function : no params,tests/Maester/Entra/Test-ConditionalAccessBaseline.Tests.ps1,47,Test-MtCaEnforceNonPersistentBrowserSession,powershell/public/maester/entra/Test-MtCaEnforceNonPersistentBrowserSession.ps1
Maester,MT.1018,OK clean 1 ID : 1 function : no params,tests/Maester/Entra/Test-ConditionalAccessBaseline.Tests.ps1,50,Test-MtCaEnforceSignInFrequency,powershell/public/maester/entra/Test-MtCaEnforceSignInFrequency.ps1
Maester,MT.1019,OK clean 1 ID : 1 function : no params,tests/Maester/Entra/Test-ConditionalAccessBaseline.Tests.ps1,53,Test-MtCaApplicationEnforcedRestriction,powershell/public/maester/entra/Test-MtCaApplicationEnforcedRestriction.ps1
Maester,MT.1020,OK clean 1 ID : 1 function : no params,tests/Maester/Entra/Test-ConditionalAccessBaseline.Tests.ps1,56,Test-MtCaExclusionForDirectorySyncAccount,powershell/public/maester/entra/Test-MtCaExclusionForDirectorySyncAccount.ps1
Maester,MT.1035,OK clean 1 ID : 1 function : no params,tests/Maester/Entra/Test-ConditionalAccessBaseline.Tests.ps1,59,Test-MtCaGroupsRestricted,powershell/public/maester/entra/Test-MtCaGroupsRestricted.ps1
Maester,MT.1036,OK clean 1 ID : 1 function : no params,tests/Maester/Entra/Test-ConditionalAccessBaseline.Tests.ps1,62,Test-MtCaGap,powershell/public/maester/entra/Test-MtCaGap.ps1
Maester,MT.1038,OK clean 1 ID : 1 function : no params,tests/Maester/Entra/Test-ConditionalAccessBaseline.Tests.ps1,65,Test-MtCaReferencedGroupsExist,powershell/public/maester/entra/Test-MtCaReferencedGroupsExist.ps1
Maester,MT.1049,OK clean 1 ID : 1 function : no params,tests/Maester/Entra/Test-ConditionalAccessBaseline.Tests.ps1,68,Test-MtCaMisconfiguredIDProtection,powershell/public/maester/entra/Test-MtCaMisconfiguredIDProtection.ps1
Maester,MT.1052,OK clean 1 ID : 1 function : no params,tests/Maester/Entra/Test-ConditionalAccessBaseline.Tests.ps1,71,Test-MtCaDeviceCodeFlow,powershell/public/maester/entra/Test-MtCaDeviceCodeFlow.ps1
Maester,MT.1061,OK clean 1 ID : 1 function : no params,tests/Maester/Entra/Test-ConditionalAccessBaseline.Tests.ps1,74,Test-MtDeviceRegistrationMfaConflict,powershell/public/maester/entra/Test-MtDeviceRegistrationMfaConflict.ps1
Maester,MT.1066,OK clean 1 ID : 1 function : no params,tests/Maester/Entra/Test-ConditionalAccessBaseline.Tests.ps1,77,Test-MtCaReferencedObjectsExist,powershell/public/maester/entra/Test-MtCaReferencedObjectsExist.ps1
Maester,MT.1071,OK clean 1 ID : 1 function : no params,tests/Maester/Entra/Test-ConditionalAccessBaseline.Tests.ps1,80,Test-MtCaAzureDevOps,powershell/public/maester/entra/Test-MtCaAzureDevOps.ps1
Maester,MT.1072,OK clean 1 ID : 1 function : no params,tests/Maester/Entra/Test-ConditionalAccessBaseline.Tests.ps1,88,Test-MtCaApprovedClientApp,powershell/public/maester/entra/Test-MtCaApprovedClientApp.ps1
Maester,MT.1181,OK clean 1 ID : 1 function : no params,tests/Maester/Entra/Test-ConditionalAccessBaseline.Tests.ps1,92,Test-MtCaAgentRiskBlockPolicy,powershell/public/maester/entra/Test-MtCaAgentRiskBlockPolicy.ps1
Maester,MT.1184,OK clean 1 ID : 1 function : no params,tests/Maester/Entra/Test-ConditionalAccessBaseline.Tests.ps1,96,Test-MtCaUntargetedPolicy,powershell/public/maester/entra/Test-MtCaUntargetedPolicy.ps1
Maester,MT.1022,E4 one function serves several IDs (parameterised),tests/Maester/Entra/Test-ConditionalAccessBaseline.Tests.ps1,101,Test-MtCaLicenseUtilization,powershell/public/maester/entra/Test-MtCaLicenseUtilization.ps1
Maester,MT.1023,E4 one function serves several IDs (parameterised),tests/Maester/Entra/Test-ConditionalAccessBaseline.Tests.ps1,105,Test-MtCaLicenseUtilization,powershell/public/maester/entra/Test-MtCaLicenseUtilization.ps1
Maester,MT.1021,"E2 inline logic, no dedicated function",tests/Maester/Entra/Test-ConditionalAccessBaseline.Tests.ps1,113,,
Maester,MT.1033.*,"E1 dynamic ID (data-driven, N results per definition)",tests/Maester/Entra/Test-ConditionalAccessWhatIf.Tests.ps1,24,Test-MtCaWIFBlockLegacyAuthentication,powershell/public/maester/entra/Test-MtCaWIFBlockLegacyAuthentication.ps1
Maester,MT.1034.*,"E1 dynamic ID (data-driven, N results per definition)",tests/Maester/Entra/Test-ConditionalAccessWhatIf.Tests.ps1,32,Test-MtConditionalAccessWhatIf,powershell/public/maester/entra/Test-MtConditionalAccessWhatIf.ps1
Maester,MT.1024.*,"E1 dynamic ID (data-driven, N results per definition)",tests/Maester/Entra/Test-EntraRecommendations.Tests.ps1,15,,
Maester,MT.1055,OK clean 1 ID : 1 function : no params,tests/Maester/Entra/Test-Groups.Tests.ps1,2,Test-MtGroupCreationRestricted,powershell/public/maester/entra/Test-MtGroupCreationRestricted.ps1
Maester,MT.1063,OK clean 1 ID : 1 function : no params,tests/Maester/Entra/Test-MtAppRegistrationOwnersWithoutMFA.Tests.ps1,2,Test-MtAppRegistrationOwnersWithoutMFA,powershell/public/maester/entra/Test-MtAppRegistrationOwnersWithoutMFA.ps1
Maester,MT.1182,OK clean 1 ID : 1 function : no params,tests/Maester/Entra/Test-MtDomainsDmarcRecordMaturity.Tests.ps1,2,Test-MtDomainsDmarcRecordMaturity,powershell/public/maester/entra/Test-MtDomainsDmarcRecordMaturity.ps1
Maester,MT.1196,OK clean 1 ID : 1 function : no params,tests/Maester/Entra/Test-MtDynamicGroupMembership.Tests.ps1,2,Test-MtDynamicGroupUserControlledAttributes,powershell/public/maester/entra/Test-MtDynamicGroupUserControlledAttributes.ps1
Maester,MT.1197,OK clean 1 ID : 1 function : no params,tests/Maester/Entra/Test-MtDynamicGroupMembership.Tests.ps1,10,Test-MtDynamicGroupMemberOfRule,powershell/public/maester/entra/Test-MtDynamicGroupMemberOfRule.ps1
Maester,MT.1107,OK clean 1 ID : 1 function : no params,tests/Maester/Entra/Test-MtEntitlementManagementDeletedGroups.Tests.ps1,2,Test-MtEntitlementManagementDeletedGroups,powershell/public/maester/entra/Test-MtEntitlementManagementDeletedGroups.ps1
Maester,MT.1108,OK clean 1 ID : 1 function : no params,tests/Maester/Entra/Test-MtEntitlementManagementInactivePolicies.Tests.ps1,2,Test-MtEntitlementManagementInactivePolicies,powershell/public/maester/entra/Test-MtEntitlementManagementInactivePolicies.ps1
Maester,MT.1110,OK clean 1 ID : 1 function : no params,tests/Maester/Entra/Test-MtEntitlementManagementOrphanedResources.Tests.ps1,2,Test-MtEntitlementManagementOrphanedResources,powershell/public/maester/entra/Test-MtEntitlementManagementOrphanedResources.ps1
Maester,MT.1109,OK clean 1 ID : 1 function : no params,tests/Maester/Entra/Test-MtEntitlementManagementValidApprovers.Tests.ps1,2,Test-MtEntitlementManagementValidApprovers,powershell/public/maester/entra/Test-MtEntitlementManagementValidApprovers.ps1
Maester,MT.1106,OK clean 1 ID : 1 function : no params,tests/Maester/Entra/Test-MtEntitlementManagementValidResourceRoles.Tests.ps1,2,Test-MtEntitlementManagementValidResourceRoles,powershell/public/maester/entra/Test-MtEntitlementManagementValidResourceRoles.ps1
Maester,MT.1203,OK clean 1 ID : 1 function : no params,tests/Maester/Entra/Test-MtEntraAgentBlueprintOrphaned.Tests.ps1,2,Test-MtEntraAgentBlueprintOrphaned,powershell/public/maester/entra/Test-MtEntraAgentBlueprintOrphaned.ps1
Maester,MT.1223,OK clean 1 ID : 1 function : no params,tests/Maester/Entra/Test-MtEntraAgentHighRiskGraphPermissions.Tests.ps1,2,Test-MtEntraAgentHighRiskGraphPermissions,powershell/public/maester/entra/Test-MtEntraAgentHighRiskGraphPermissions.ps1
Maester,MT.1200,OK clean 1 ID : 1 function : no params,tests/Maester/Entra/Test-MtEntraAgentIdOrphaned.Tests.ps1,2,Test-MtEntraAgentIdentityOrphaned,powershell/public/maester/entra/Test-MtEntraAgentIdentityOrphaned.ps1
Maester,MT.1201,OK clean 1 ID : 1 function : no params,tests/Maester/Entra/Test-MtEntraAgentIdOrphaned.Tests.ps1,10,Test-MtEntraAgentUserOrphaned,powershell/public/maester/entra/Test-MtEntraAgentUserOrphaned.ps1
Maester,MT.1204,OK clean 1 ID : 1 function : no params,tests/Maester/Entra/Test-MtEntraAgentSecurity.Tests.ps1,2,Test-MtEntraAgentOwner,powershell/public/maester/entra/Test-MtEntraAgentOwner.ps1
Maester,MT.1205,OK clean 1 ID : 1 function : no params,tests/Maester/Entra/Test-MtEntraAgentSecurity.Tests.ps1,12,Test-MtEntraAgentSponsor,powershell/public/maester/entra/Test-MtEntraAgentSponsor.ps1
Maester,MT.1206,OK clean 1 ID : 1 function : no params,tests/Maester/Entra/Test-MtEntraAgentSecurity.Tests.ps1,22,Test-MtEntraAgentInactive,powershell/public/maester/entra/Test-MtEntraAgentInactive.ps1
Maester,MT.1207,OK clean 1 ID : 1 function : no params,tests/Maester/Entra/Test-MtEntraAgentSecurity.Tests.ps1,32,Test-MtEntraAgentForeignPrivileged,powershell/public/maester/entra/Test-MtEntraAgentForeignPrivileged.ps1
Maester,MT.1208,OK clean 1 ID : 1 function : no params,tests/Maester/Entra/Test-MtEntraAgentSecurity.Tests.ps1,42,Test-MtEntraAgentBlueprintCredentialHygiene,powershell/public/maester/entra/Test-MtEntraAgentBlueprintCredentialHygiene.ps1
Maester,MT.1209,OK clean 1 ID : 1 function : no params,tests/Maester/Entra/Test-MtEntraAgentSecurity.Tests.ps1,52,Test-MtEntraAgentDirectoryRoles,powershell/public/maester/entra/Test-MtEntraAgentDirectoryRoles.ps1
Maester,MT.1210,OK clean 1 ID : 1 function : no params,tests/Maester/Entra/Test-MtEntraAgentSecurity.Tests.ps1,62,Test-MtEntraAgentUserExcessiveAccess,powershell/public/maester/entra/Test-MtEntraAgentUserExcessiveAccess.ps1
Maester,MT.1211,OK clean 1 ID : 1 function : no params,tests/Maester/Entra/Test-MtEntraAgentSecurity.Tests.ps1,72,Test-MtEntraAgentBlueprintAllAllowedInheritance,powershell/public/maester/entra/Test-MtEntraAgentBlueprintAllAllowedInheritance.ps1
Maester,MT.1212,OK clean 1 ID : 1 function : no params,tests/Maester/Entra/Test-MtEntraAgentSecurity.Tests.ps1,82,Test-MtEntraAgentBlueprintOpenAccess,powershell/public/maester/entra/Test-MtEntraAgentBlueprintOpenAccess.ps1
Maester,MT.1213,OK clean 1 ID : 1 function : no params,tests/Maester/Entra/Test-MtEntraAgentSecurity.Tests.ps1,92,Test-MtEntraAgentBlueprintRedirectUriHygiene,powershell/public/maester/entra/Test-MtEntraAgentBlueprintRedirectUriHygiene.ps1
Maester,MT.1070,OK clean 1 ID : 1 function : no params,tests/Maester/Entra/Test-MtEntraDeviceRegistrationPolicy.Tests.ps1,2,Test-MtEntraDeviceJoinRestricted,powershell/public/maester/entra/Test-MtEntraDeviceJoinRestricted.ps1
Maester,MT.1090,OK clean 1 ID : 1 function : no params,tests/Maester/Entra/Test-MtEntraDeviceRegistrationPolicy.Tests.ps1,7,Test-MtDeviceRegistrationLocalAdminsGlobalAdmin,powershell/public/maester/entra/Test-MtDeviceRegistrationLocalAdminsGlobalAdmin.ps1
Maester,MT.1091,OK clean 1 ID : 1 function : no params,tests/Maester/Entra/Test-MtEntraDeviceRegistrationPolicy.Tests.ps1,12,Test-MtDeviceRegistrationLocalAdminsRegisteringUser,powershell/public/maester/entra/Test-MtDeviceRegistrationLocalAdminsRegisteringUser.ps1
Maester,MT.1084,OK clean 1 ID : 1 function : no params,tests/Maester/Entra/Test-MtEntraIDConnect.Tests.ps1,10,Test-MtEntraIDConnectSsso,powershell/public/maester/entra/Test-MtEntraIDConnectSsso.ps1
Maester,MT.1185,OK clean 1 ID : 1 function : no params,tests/Maester/Entra/Test-MtEntraMsolPowerShellBlocked.Tests.ps1,2,Test-MtEntraMsolPowerShellBlocked,powershell/public/maester/entra/Test-MtEntraMsolPowerShellBlocked.ps1
Maester,MT.1186,OK clean 1 ID : 1 function : no params,tests/Maester/Entra/Test-MtHighPrivilegeServicePrincipalsForAllUsers.Tests.ps1,2,Test-MtHighPrivilegeServicePrincipalsForAllUsers,powershell/public/maester/entra/Test-MtHighPrivilegeServicePrincipalsForAllUsers.ps1
Maester,MT.1050,E4 one function serves several IDs (parameterised),tests/Maester/Entra/Test-MtHighRiskAppPermissions.Tests.ps1,2,Test-MtHighRiskAppPermissions,powershell/public/maester/entra/Test-MtHighRiskAppPermissions.ps1
Maester,MT.1051,E4 one function serves several IDs (parameterised),tests/Maester/Entra/Test-MtHighRiskAppPermissions.Tests.ps1,9,Test-MtHighRiskAppPermissions,powershell/public/maester/entra/Test-MtHighRiskAppPermissions.ps1
Maester,MT.1073,OK clean 1 ID : 1 function : no params,tests/Maester/Entra/Test-MtOnPremisesSynchronization.Tests.ps1,2,Test-MtEntraIDConnectSyncSoftHardMatching,powershell/public/maester/entra/Test-MtEntraIDConnectSyncSoftHardMatching.ps1
Maester,MT.1147,OK clean 1 ID : 1 function : no params,tests/Maester/Entra/Test-MtOnPremisesSynchronization.Tests.ps1,6,Test-MtKrbtgtAzureADNotSynced,powershell/public/maester/entra/Test-MtKrbtgtAzureADNotSynced.ps1
Maester,MT.1183,OK clean 1 ID : 1 function : no params,tests/Maester/Entra/Test-MtOnPremisesSynchronization.Tests.ps1,10,Test-MtEntraIDConnectSyncOnPremisesObjectIdentifierUpdatesBlocked,powershell/public/maester/entra/Test-MtEntraIDConnectSyncOnPremisesObjectIdentifierUpdatesBlocked.ps1
Maester,MT.1069,OK clean 1 ID : 1 function : no params,tests/Maester/Entra/Test-MtSecurityGroupCreationRestricted.Tests.ps1,2,Test-MtSecurityGroupCreationRestricted,powershell/public/maester/entra/Test-MtSecurityGroupCreationRestricted.ps1
Maester,MT.1068,OK clean 1 ID : 1 function : no params,tests/Maester/Entra/Test-MtTenantCreationRestricted.Tests.ps1,2,Test-MtTenantCreationRestricted,powershell/public/maester/entra/Test-MtTenantCreationRestricted.ps1
Maester,MT.1025,E4 one function serves several IDs (parameterised),tests/Maester/Entra/Test-PrivilegedAssignments.Tests.ps1,2,Test-MtPrivPermanentDirectoryRole,powershell/public/maester/entra/Test-MtPrivPermanentDirectoryRole.ps1
Maester,MT.1026,E4 one function serves several IDs (parameterised),tests/Maester/Entra/Test-PrivilegedAssignments.Tests.ps1,6,Test-MtPrivPermanentDirectoryRole,powershell/public/maester/entra/Test-MtPrivPermanentDirectoryRole.ps1
Maester,MT.1027,E4 one function serves several IDs (parameterised),tests/Maester/Entra/Test-PrivilegedAssignments.Tests.ps1,10,Test-MtPrivPermanentDirectoryRole,powershell/public/maester/entra/Test-MtPrivPermanentDirectoryRole.ps1
Maester,MT.1028,E4 one function serves several IDs (parameterised),tests/Maester/Entra/Test-PrivilegedAssignments.Tests.ps1,14,Test-MtPrivPermanentDirectoryRole,powershell/public/maester/entra/Test-MtPrivPermanentDirectoryRole.ps1
Maester,MT.1029,E4 one function serves several IDs (parameterised),tests/Maester/Entra/Test-PrivilegedAssignments.Tests.ps1,21,Test-MtPimAlertsExists,powershell/public/maester/entra/Test-MtPimAlertsExists.ps1
Maester,MT.1030,E4 one function serves several IDs (parameterised),tests/Maester/Entra/Test-PrivilegedAssignments.Tests.ps1,29,Test-MtPimAlertsExists,powershell/public/maester/entra/Test-MtPimAlertsExists.ps1
Maester,MT.1031,E4 one function serves several IDs (parameterised),tests/Maester/Entra/Test-PrivilegedAssignments.Tests.ps1,37,Test-MtPimAlertsExists,powershell/public/maester/entra/Test-MtPimAlertsExists.ps1
Maester,MT.1032,E4 one function serves several IDs (parameterised),tests/Maester/Entra/Test-PrivilegedAssignments.Tests.ps1,45,Test-MtPimAlertsExists,powershell/public/maester/entra/Test-MtPimAlertsExists.ps1
Maester,AZDO.1000,OK clean 1 ID : 1 function : no params,tests/Maester/AzureDevOps/Test-Azdo.Tests.ps1,3,Test-AzdoThirdPartyAccessViaOauth,powershell/public/maester/azuredevops/Test-AzdoThirdPartyAccessViaOauth.ps1
Maester,AZDO.1001,OK clean 1 ID : 1 function : no params,tests/Maester/AzureDevOps/Test-Azdo.Tests.ps1,10,Test-AzdoSSHAuthentication,powershell/public/maester/azuredevops/Test-AzdoSSHAuthentication.ps1
Maester,AZDO.1002,OK clean 1 ID : 1 function : no params,tests/Maester/AzureDevOps/Test-Azdo.Tests.ps1,17,Test-AzdoLogAuditEvent,powershell/public/maester/azuredevops/Test-AzdoLogAuditEvent.ps1
Maester,AZDO.1003,OK clean 1 ID : 1 function : no params,tests/Maester/AzureDevOps/Test-Azdo.Tests.ps1,24,Test-AzdoPublicProject,powershell/public/maester/azuredevops/Test-AzdoPublicProject.ps1
Maester,AZDO.1004,OK clean 1 ID : 1 function : no params,tests/Maester/AzureDevOps/Test-Azdo.Tests.ps1,31,Test-AzdoArtifactsExternalPackageProtectionToken,powershell/public/maester/azuredevops/Test-AzdoArtifactsExternalPackageProtectionToken.ps1
Maester,AZDO.1005,OK clean 1 ID : 1 function : no params,tests/Maester/AzureDevOps/Test-Azdo.Tests.ps1,38,Test-AzdoEnforceAADConditionalAccess,powershell/public/maester/azuredevops/Test-AzdoEnforceAADConditionalAccess.ps1
Maester,AZDO.1006,OK clean 1 ID : 1 function : no params,tests/Maester/AzureDevOps/Test-Azdo.Tests.ps1,45,Test-AzdoExternalGuestAccess,powershell/public/maester/azuredevops/Test-AzdoExternalGuestAccess.ps1
Maester,AZDO.1007,OK clean 1 ID : 1 function : no params,tests/Maester/AzureDevOps/Test-Azdo.Tests.ps1,52,Test-AzdoAllowTeamAdminsInvitationsAccessToken,powershell/public/maester/azuredevops/Test-AzdoAllowTeamAdminsInvitationsAccessToken.ps1
Maester,AZDO.1008,OK clean 1 ID : 1 function : no params,tests/Maester/AzureDevOps/Test-Azdo.Tests.ps1,59,Test-AzdoAllowRequestAccessToken,powershell/public/maester/azuredevops/Test-AzdoAllowRequestAccessToken.ps1
Maester,AZDO.1009,OK clean 1 ID : 1 function : no params,tests/Maester/AzureDevOps/Test-Azdo.Tests.ps1,66,Test-AzdoFeedbackCollection,powershell/public/maester/azuredevops/Test-AzdoFeedbackCollection.ps1
Maester,AZDO.1010,OK clean 1 ID : 1 function : no params,tests/Maester/AzureDevOps/Test-Azdo.Tests.ps1,73,Test-AzdoAuditStream,powershell/public/maester/azuredevops/Test-AzdoAuditStream.ps1
Maester,AZDO.1011,OK clean 1 ID : 1 function : no params,tests/Maester/AzureDevOps/Test-Azdo.Tests.ps1,80,Test-AzdoResourceUsageProject,powershell/public/maester/azuredevops/Test-AzdoResourceUsageProject.ps1
Maester,AZDO.1012,OK clean 1 ID : 1 function : no params,tests/Maester/AzureDevOps/Test-Azdo.Tests.ps1,87,Test-AzdoResourceUsageWorkItemTag,powershell/public/maester/azuredevops/Test-AzdoResourceUsageWorkItemTag.ps1
Maester,AZDO.1013,OK clean 1 ID : 1 function : no params,tests/Maester/AzureDevOps/Test-Azdo.Tests.ps1,94,Test-AzdoOrganizationOwner,powershell/public/maester/azuredevops/Test-AzdoOrganizationOwner.ps1
Maester,AZDO.1014,OK clean 1 ID : 1 function : no params,tests/Maester/AzureDevOps/Test-Azdo.Tests.ps1,101,Test-AzdoOrganizationBadgesArePrivate,powershell/public/maester/azuredevops/Test-AzdoOrganizationBadgesArePrivate.ps1
Maester,AZDO.1015,OK clean 1 ID : 1 function : no params,tests/Maester/AzureDevOps/Test-Azdo.Tests.ps1,108,Test-AzdoOrganizationLimitVariablesAtQueueTime,powershell/public/maester/azuredevops/Test-AzdoOrganizationLimitVariablesAtQueueTime.ps1
Maester,AZDO.1016,OK clean 1 ID : 1 function : no params,tests/Maester/AzureDevOps/Test-Azdo.Tests.ps1,115,Test-AzdoOrganizationLimitJobAuthorizationScopeNonReleasePipeline,powershell/public/maester/azuredevops/Test-AzdoOrganizationLimitJobAuthorizationScopeNonReleasePipeline.ps1
Maester,AZDO.1017,OK clean 1 ID : 1 function : no params,tests/Maester/AzureDevOps/Test-Azdo.Tests.ps1,122,Test-AzdoOrganizationLimitJobAuthorizationScopeReleasePipeline,powershell/public/maester/azuredevops/Test-AzdoOrganizationLimitJobAuthorizationScopeReleasePipeline.ps1
Maester,AZDO.1018,OK clean 1 ID : 1 function : no params,tests/Maester/AzureDevOps/Test-Azdo.Tests.ps1,129,Test-AzdoOrganizationProtectAccessToRepository,powershell/public/maester/azuredevops/Test-AzdoOrganizationProtectAccessToRepository.ps1
Maester,AZDO.1019,OK clean 1 ID : 1 function : no params,tests/Maester/AzureDevOps/Test-Azdo.Tests.ps1,136,Test-AzdoOrganizationStageChooser,powershell/public/maester/azuredevops/Test-AzdoOrganizationStageChooser.ps1
Maester,AZDO.1020,OK clean 1 ID : 1 function : no params,tests/Maester/AzureDevOps/Test-Azdo.Tests.ps1,143,Test-AzdoOrganizationCreationClassicBuildPipeline,powershell/public/maester/azuredevops/Test-AzdoOrganizationCreationClassicBuildPipeline.ps1
Maester,AZDO.1021,OK clean 1 ID : 1 function : no params,tests/Maester/AzureDevOps/Test-Azdo.Tests.ps1,150,Test-AzdoOrganizationCreationClassicReleasePipeline,powershell/public/maester/azuredevops/Test-AzdoOrganizationCreationClassicReleasePipeline.ps1
Maester,AZDO.1022,OK clean 1 ID : 1 function : no params,tests/Maester/AzureDevOps/Test-Azdo.Tests.ps1,157,Test-AzdoOrganizationTriggerPullRequestGitHubRepository,powershell/public/maester/azuredevops/Test-AzdoOrganizationTriggerPullRequestGitHubRepository.ps1
Maester,AZDO.1023,OK clean 1 ID : 1 function : no params,tests/Maester/AzureDevOps/Test-Azdo.Tests.ps1,164,Test-AzdoOrganizationTaskRestrictionsDisableMarketplaceTask,powershell/public/maester/azuredevops/Test-AzdoOrganizationTaskRestrictionsDisableMarketplaceTask.ps1
Maester,AZDO.1024,OK clean 1 ID : 1 function : no params,tests/Maester/AzureDevOps/Test-Azdo.Tests.ps1,171,Test-AzdoOrganizationTaskRestrictionsDisableNode6Task,powershell/public/maester/azuredevops/Test-AzdoOrganizationTaskRestrictionsDisableNode6Task.ps1
Maester,AZDO.1025,OK clean 1 ID : 1 function : no params,tests/Maester/AzureDevOps/Test-Azdo.Tests.ps1,178,Test-AzdoOrganizationTaskRestrictionsShellTaskArgumentValidation,powershell/public/maester/azuredevops/Test-AzdoOrganizationTaskRestrictionsShellTaskArgumentValidation.ps1
Maester,AZDO.1026,OK clean 1 ID : 1 function : no params,tests/Maester/AzureDevOps/Test-Azdo.Tests.ps1,185,Test-AzdoOrganizationAutomaticEnrollmentAdvancedSecurityNewProject,powershell/public/maester/azuredevops/Test-AzdoOrganizationAutomaticEnrollmentAdvancedSecurityNewProject.ps1
Maester,AZDO.1027,OK clean 1 ID : 1 function : no params,tests/Maester/AzureDevOps/Test-Azdo.Tests.ps1,192,Test-AzdoOrganizationRepositorySettingsGravatarImage,powershell/public/maester/azuredevops/Test-AzdoOrganizationRepositorySettingsGravatarImage.ps1
Maester,AZDO.1028,OK clean 1 ID : 1 function : no params,tests/Maester/AzureDevOps/Test-Azdo.Tests.ps1,199,Test-AzdoOrganizationRepositorySettingsDisableCreationTFVCRepo,powershell/public/maester/azuredevops/Test-AzdoOrganizationRepositorySettingsDisableCreationTFVCRepo.ps1
Maester,AZDO.1029,OK clean 1 ID : 1 function : no params,tests/Maester/AzureDevOps/Test-Azdo.Tests.ps1,206,Test-AzdoOrganizationStorageUsage,powershell/public/maester/azuredevops/Test-AzdoOrganizationStorageUsage.ps1
Maester,AZDO.1030,OK clean 1 ID : 1 function : no params,tests/Maester/AzureDevOps/Test-Azdo.Tests.ps1,213,Test-AzdoProjectCollectionAdministrator,powershell/public/maester/azuredevops/Test-AzdoProjectCollectionAdministrator.ps1
Maester,AZDO.1031,OK clean 1 ID : 1 function : no params,tests/Maester/AzureDevOps/Test-Azdo.Tests.ps1,220,Test-AzdoValidateSshKeyExpiration,powershell/public/maester/azuredevops/Test-AzdoValidateSshKeyExpiration.ps1
Maester,AZDO.1032,OK clean 1 ID : 1 function : no params,tests/Maester/AzureDevOps/Test-Azdo.Tests.ps1,227,Test-AzdoDisableGlobalPATCreation,powershell/public/maester/azuredevops/Test-AzdoDisableGlobalPATCreation.ps1
Maester,AZDO.1033,OK clean 1 ID : 1 function : no params,tests/Maester/AzureDevOps/Test-Azdo.Tests.ps1,234,Test-AzdoEnableLeakedPersonalAccessTokenAutoRevocation,powershell/public/maester/azuredevops/Test-AzdoEnableLeakedPersonalAccessTokenAutoRevocation.ps1
Maester,AZDO.1034,OK clean 1 ID : 1 function : no params,tests/Maester/AzureDevOps/Test-Azdo.Tests.ps1,241,Test-AzdoOrganizationCreationRestriction,powershell/public/maester/azuredevops/Test-AzdoOrganizationCreationRestriction.ps1
Maester,AZDO.1035,OK clean 1 ID : 1 function : no params,tests/Maester/AzureDevOps/Test-Azdo.Tests.ps1,248,Test-AzdoRestrictPersonalAccessTokenLifespan,powershell/public/maester/azuredevops/Test-AzdoRestrictPersonalAccessTokenLifespan.ps1
Maester,AZDO.1036,OK clean 1 ID : 1 function : no params,tests/Maester/AzureDevOps/Test-Azdo.Tests.ps1,255,Test-AzdoRestrictFullScopePersonalAccessToken,powershell/public/maester/azuredevops/Test-AzdoRestrictFullScopePersonalAccessToken.ps1
Maester,AZDO.1037,OK clean 1 ID : 1 function : no params,tests/Maester/AzureDevOps/Test-Azdo.Tests.ps1,262,Test-AzdoDisablePATCreation,powershell/public/maester/azuredevops/Test-AzdoDisablePATCreation.ps1
Maester,AZDO.1038,OK clean 1 ID : 1 function : no params,tests/Maester/AzureDevOps/Test-Azdo.Tests.ps1,269,Test-AzdoAllowExtensionsLocalNetworkAccess,powershell/public/maester/azuredevops/Test-AzdoAllowExtensionsLocalNetworkAccess.ps1
Maester,AZDO.1039,OK clean 1 ID : 1 function : no params,tests/Maester/AzureDevOps/Test-Azdo.Tests.ps1,276,Test-AzdoOrganizationAutomaticEnrollmentSecretProtectionNewRepository,powershell/public/maester/azuredevops/Test-AzdoOrganizationAutomaticEnrollmentSecretProtectionNewRepository.ps1
Maester,AZDO.1040,OK clean 1 ID : 1 function : no params,tests/Maester/AzureDevOps/Test-Azdo.Tests.ps1,283,Test-AzdoOrganizationSecretProtectionEnrollment,powershell/public/maester/azuredevops/Test-AzdoOrganizationSecretProtectionEnrollment.ps1
Maester,AZDO.1041,OK clean 1 ID : 1 function : no params,tests/Maester/AzureDevOps/Test-Azdo.Tests.ps1,290,Test-AzdoOrganizationSecretProtectionPushProtection,powershell/public/maester/azuredevops/Test-AzdoOrganizationSecretProtectionPushProtection.ps1
Maester,AZDO.1042,OK clean 1 ID : 1 function : no params,tests/Maester/AzureDevOps/Test-Azdo.Tests.ps1,297,Test-AzdoOrganizationAutomaticEnrollmentCodeSecurityNewRepository,powershell/public/maester/azuredevops/Test-AzdoOrganizationAutomaticEnrollmentCodeSecurityNewRepository.ps1
Maester,AZDO.1043,OK clean 1 ID : 1 function : no params,tests/Maester/AzureDevOps/Test-Azdo.Tests.ps1,304,Test-AzdoOrganizationCodeSecurityEnrollment,powershell/public/maester/azuredevops/Test-AzdoOrganizationCodeSecurityEnrollment.ps1
Maester,AZDO.1044,OK clean 1 ID : 1 function : no params,tests/Maester/AzureDevOps/Test-Azdo.Tests.ps1,311,Test-AzdoOrganizationCodeSecurityScanning,powershell/public/maester/azuredevops/Test-AzdoOrganizationCodeSecurityScanning.ps1
Maester,AZDO.1045,OK clean 1 ID : 1 function : no params,tests/Maester/AzureDevOps/Test-Azdo.Tests.ps1,318,Test-AzdoOrganizationCopilotCodeReview,powershell/public/maester/azuredevops/Test-AzdoOrganizationCopilotCodeReview.ps1
Maester,MT.1148,OK clean 1 ID : 1 function : no params,tests/Maester/Defender/Test-MtMdeAntivirusPolicy.Tests.ps1,2,Test-MtMdeArchiveScanning,powershell/public/maester/defender/Test-MtMdeArchiveScanning.ps1
Maester,MT.1149,OK clean 1 ID : 1 function : no params,tests/Maester/Defender/Test-MtMdeAntivirusPolicy.Tests.ps1,9,Test-MtMdeBehaviorMonitoring,powershell/public/maester/defender/Test-MtMdeBehaviorMonitoring.ps1
Maester,MT.1150,OK clean 1 ID : 1 function : no params,tests/Maester/Defender/Test-MtMdeAntivirusPolicy.Tests.ps1,16,Test-MtMdeCloudProtection,powershell/public/maester/defender/Test-MtMdeCloudProtection.ps1
Maester,MT.1151,OK clean 1 ID : 1 function : no params,tests/Maester/Defender/Test-MtMdeAntivirusPolicy.Tests.ps1,23,Test-MtMdeEmailScanning,powershell/public/maester/defender/Test-MtMdeEmailScanning.ps1
Maester,MT.1152,OK clean 1 ID : 1 function : no params,tests/Maester/Defender/Test-MtMdeAntivirusPolicy.Tests.ps1,30,Test-MtMdeScriptScanning,powershell/public/maester/defender/Test-MtMdeScriptScanning.ps1
Maester,MT.1153,OK clean 1 ID : 1 function : no params,tests/Maester/Defender/Test-MtMdeAntivirusPolicy.Tests.ps1,37,Test-MtMdeRealtimeMonitoring,powershell/public/maester/defender/Test-MtMdeRealtimeMonitoring.ps1
Maester,MT.1154,OK clean 1 ID : 1 function : no params,tests/Maester/Defender/Test-MtMdeAntivirusPolicy.Tests.ps1,44,Test-MtMdeRemovableDriveScanning,powershell/public/maester/defender/Test-MtMdeRemovableDriveScanning.ps1
Maester,MT.1155,OK clean 1 ID : 1 function : no params,tests/Maester/Defender/Test-MtMdeAntivirusPolicy.Tests.ps1,51,Test-MtMdeMappedDriveScanning,powershell/public/maester/defender/Test-MtMdeMappedDriveScanning.ps1
Maester,MT.1156,OK clean 1 ID : 1 function : no params,tests/Maester/Defender/Test-MtMdeAntivirusPolicy.Tests.ps1,58,Test-MtMdeNetworkFileScanning,powershell/public/maester/defender/Test-MtMdeNetworkFileScanning.ps1
Maester,MT.1157,OK clean 1 ID : 1 function : no params,tests/Maester/Defender/Test-MtMdeAntivirusPolicy.Tests.ps1,65,Test-MtMdeCpuLoadFactor,powershell/public/maester/defender/Test-MtMdeCpuLoadFactor.ps1
Maester,MT.1158,OK clean 1 ID : 1 function : no params,tests/Maester/Defender/Test-MtMdeAntivirusPolicy.Tests.ps1,72,Test-MtMdeScheduleScanDay,powershell/public/maester/defender/Test-MtMdeScheduleScanDay.ps1
Maester,MT.1159,OK clean 1 ID : 1 function : no params,tests/Maester/Defender/Test-MtMdeAntivirusPolicy.Tests.ps1,79,Test-MtMdeQuickScanTime,powershell/public/maester/defender/Test-MtMdeQuickScanTime.ps1
Maester,MT.1160,OK clean 1 ID : 1 function : no params,tests/Maester/Defender/Test-MtMdeAntivirusPolicy.Tests.ps1,86,Test-MtMdeSignatureBeforeScan,powershell/public/maester/defender/Test-MtMdeSignatureBeforeScan.ps1
Maester,MT.1161,OK clean 1 ID : 1 function : no params,tests/Maester/Defender/Test-MtMdeAntivirusPolicy.Tests.ps1,93,Test-MtMdeCloudBlockLevel,powershell/public/maester/defender/Test-MtMdeCloudBlockLevel.ps1
Maester,MT.1162,OK clean 1 ID : 1 function : no params,tests/Maester/Defender/Test-MtMdeAntivirusPolicy.Tests.ps1,100,Test-MtMdeCloudExtendedTimeout,powershell/public/maester/defender/Test-MtMdeCloudExtendedTimeout.ps1
Maester,MT.1163,OK clean 1 ID : 1 function : no params,tests/Maester/Defender/Test-MtMdeAntivirusPolicy.Tests.ps1,107,Test-MtMdeSignatureUpdateInterval,powershell/public/maester/defender/Test-MtMdeSignatureUpdateInterval.ps1
Maester,MT.1164,OK clean 1 ID : 1 function : no params,tests/Maester/Defender/Test-MtMdeAntivirusPolicy.Tests.ps1,114,Test-MtMdePuaProtection,powershell/public/maester/defender/Test-MtMdePuaProtection.ps1
Maester,MT.1165,OK clean 1 ID : 1 function : no params,tests/Maester/Defender/Test-MtMdeAntivirusPolicy.Tests.ps1,121,Test-MtMdeNetworkProtection,powershell/public/maester/defender/Test-MtMdeNetworkProtection.ps1
Maester,MT.1166,OK clean 1 ID : 1 function : no params,tests/Maester/Defender/Test-MtMdeAntivirusPolicy.Tests.ps1,128,Test-MtMdeDisableLocalAdminMerge,powershell/public/maester/defender/Test-MtMdeDisableLocalAdminMerge.ps1
Maester,MT.1167,OK clean 1 ID : 1 function : no params,tests/Maester/Defender/Test-MtMdeAntivirusPolicy.Tests.ps1,135,Test-MtMdeRealtimeScanDirection,powershell/public/maester/defender/Test-MtMdeRealtimeScanDirection.ps1
Maester,MT.1168,OK clean 1 ID : 1 function : no params,tests/Maester/Defender/Test-MtMdeAntivirusPolicy.Tests.ps1,142,Test-MtMdeRetainCleanedMalware,powershell/public/maester/defender/Test-MtMdeRetainCleanedMalware.ps1
Maester,MT.1169,OK clean 1 ID : 1 function : no params,tests/Maester/Defender/Test-MtMdeAntivirusPolicy.Tests.ps1,149,Test-MtMdeCatchupFullScan,powershell/public/maester/defender/Test-MtMdeCatchupFullScan.ps1
Maester,MT.1170,OK clean 1 ID : 1 function : no params,tests/Maester/Defender/Test-MtMdeAntivirusPolicy.Tests.ps1,156,Test-MtMdeCatchupQuickScan,powershell/public/maester/defender/Test-MtMdeCatchupQuickScan.ps1
Maester,MT.1171,OK clean 1 ID : 1 function : no params,tests/Maester/Defender/Test-MtMdeAntivirusPolicy.Tests.ps1,163,Test-MtMdeSubmitSamplesConsent,powershell/public/maester/defender/Test-MtMdeSubmitSamplesConsent.ps1
Maester,MT.1059.*,"E1 dynamic ID (data-driven, N results per definition)",tests/Maester/Defender/Test-MtMdiHealthIssues.Tests.ps1,37,,
orca,ORCA.100,OK clean 1 ID : 1 function : no params,tests/orca/Test-ORCA100.Tests.ps1,4,Test-ORCA100,powershell/public/orca/Test-ORCA100.ps1
orca,ORCA.101,OK clean 1 ID : 1 function : no params,tests/orca/Test-ORCA101.Tests.ps1,4,Test-ORCA101,powershell/public/orca/Test-ORCA101.ps1
orca,ORCA.102,OK clean 1 ID : 1 function : no params,tests/orca/Test-ORCA102.Tests.ps1,4,Test-ORCA102,powershell/public/orca/Test-ORCA102.ps1
orca,ORCA.103,OK clean 1 ID : 1 function : no params,tests/orca/Test-ORCA103.Tests.ps1,4,Test-ORCA103,powershell/public/orca/Test-ORCA103.ps1
orca,ORCA.104,OK clean 1 ID : 1 function : no params,tests/orca/Test-ORCA104.Tests.ps1,4,Test-ORCA104,powershell/public/orca/Test-ORCA104.ps1
orca,ORCA.105,OK clean 1 ID : 1 function : no params,tests/orca/Test-ORCA105.Tests.ps1,4,Test-ORCA105,powershell/public/orca/Test-ORCA105.ps1
orca,ORCA.106,OK clean 1 ID : 1 function : no params,tests/orca/Test-ORCA106.Tests.ps1,4,Test-ORCA106,powershell/public/orca/Test-ORCA106.ps1
orca,ORCA.107,OK clean 1 ID : 1 function : no params,tests/orca/Test-ORCA107.Tests.ps1,4,Test-ORCA107,powershell/public/orca/Test-ORCA107.ps1
orca,ORCA.108.1,OK clean 1 ID : 1 function : no params,tests/orca/Test-ORCA108_1.Tests.ps1,4,Test-ORCA108_1,powershell/public/orca/Test-ORCA108_1.ps1
orca,ORCA.108,OK clean 1 ID : 1 function : no params,tests/orca/Test-ORCA108.Tests.ps1,4,Test-ORCA108,powershell/public/orca/Test-ORCA108.ps1
orca,ORCA.109,OK clean 1 ID : 1 function : no params,tests/orca/Test-ORCA109.Tests.ps1,4,Test-ORCA109,powershell/public/orca/Test-ORCA109.ps1
orca,ORCA.110,OK clean 1 ID : 1 function : no params,tests/orca/Test-ORCA110.Tests.ps1,4,Test-ORCA110,powershell/public/orca/Test-ORCA110.ps1
orca,ORCA.111,OK clean 1 ID : 1 function : no params,tests/orca/Test-ORCA111.Tests.ps1,4,Test-ORCA111,powershell/public/orca/Test-ORCA111.ps1
orca,ORCA.112,OK clean 1 ID : 1 function : no params,tests/orca/Test-ORCA112.Tests.ps1,4,Test-ORCA112,powershell/public/orca/Test-ORCA112.ps1
orca,ORCA.113,OK clean 1 ID : 1 function : no params,tests/orca/Test-ORCA113.Tests.ps1,4,Test-ORCA113,powershell/public/orca/Test-ORCA113.ps1
orca,ORCA.114,OK clean 1 ID : 1 function : no params,tests/orca/Test-ORCA114.Tests.ps1,4,Test-ORCA114,powershell/public/orca/Test-ORCA114.ps1
orca,ORCA.115,OK clean 1 ID : 1 function : no params,tests/orca/Test-ORCA115.Tests.ps1,4,Test-ORCA115,powershell/public/orca/Test-ORCA115.ps1
orca,ORCA.116,OK clean 1 ID : 1 function : no params,tests/orca/Test-ORCA116.Tests.ps1,4,Test-ORCA116,powershell/public/orca/Test-ORCA116.ps1
orca,ORCA.118.1,OK clean 1 ID : 1 function : no params,tests/orca/Test-ORCA118_1.Tests.ps1,4,Test-ORCA118_1,powershell/public/orca/Test-ORCA118_1.ps1
orca,ORCA.118.2,OK clean 1 ID : 1 function : no params,tests/orca/Test-ORCA118_2.Tests.ps1,4,Test-ORCA118_2,powershell/public/orca/Test-ORCA118_2.ps1
orca,ORCA.118.3,OK clean 1 ID : 1 function : no params,tests/orca/Test-ORCA118_3.Tests.ps1,4,Test-ORCA118_3,powershell/public/orca/Test-ORCA118_3.ps1
orca,ORCA.118.4,OK clean 1 ID : 1 function : no params,tests/orca/Test-ORCA118_4.Tests.ps1,4,Test-ORCA118_4,powershell/public/orca/Test-ORCA118_4.ps1
orca,ORCA.119,OK clean 1 ID : 1 function : no params,tests/orca/Test-ORCA119.Tests.ps1,4,Test-ORCA119,powershell/public/orca/Test-ORCA119.ps1
orca,ORCA.120.2,OK clean 1 ID : 1 function : no params,tests/orca/Test-ORCA120_malware.Tests.ps1,4,Test-ORCA120_malware,powershell/public/orca/Test-ORCA120_malware.ps1
orca,ORCA.120.1,OK clean 1 ID : 1 function : no params,tests/orca/Test-ORCA120_phish.Tests.ps1,4,Test-ORCA120_phish,powershell/public/orca/Test-ORCA120_phish.ps1
orca,ORCA.120.3,OK clean 1 ID : 1 function : no params,tests/orca/Test-ORCA120_spam.Tests.ps1,4,Test-ORCA120_spam,powershell/public/orca/Test-ORCA120_spam.ps1
orca,ORCA.121,OK clean 1 ID : 1 function : no params,tests/orca/Test-ORCA121.Tests.ps1,4,Test-ORCA121,powershell/public/orca/Test-ORCA121.ps1
orca,ORCA.123,OK clean 1 ID : 1 function : no params,tests/orca/Test-ORCA123.Tests.ps1,4,Test-ORCA123,powershell/public/orca/Test-ORCA123.ps1
orca,ORCA.124,OK clean 1 ID : 1 function : no params,tests/orca/Test-ORCA124.Tests.ps1,4,Test-ORCA124,powershell/public/orca/Test-ORCA124.ps1
orca,ORCA.139,OK clean 1 ID : 1 function : no params,tests/orca/Test-ORCA139.Tests.ps1,4,Test-ORCA139,powershell/public/orca/Test-ORCA139.ps1
orca,ORCA.140,OK clean 1 ID : 1 function : no params,tests/orca/Test-ORCA140.Tests.ps1,4,Test-ORCA140,powershell/public/orca/Test-ORCA140.ps1
orca,ORCA.141,OK clean 1 ID : 1 function : no params,tests/orca/Test-ORCA141.Tests.ps1,4,Test-ORCA141,powershell/public/orca/Test-ORCA141.ps1
orca,ORCA.142,OK clean 1 ID : 1 function : no params,tests/orca/Test-ORCA142.Tests.ps1,4,Test-ORCA142,powershell/public/orca/Test-ORCA142.ps1
orca,ORCA.143,OK clean 1 ID : 1 function : no params,tests/orca/Test-ORCA143.Tests.ps1,4,Test-ORCA143,powershell/public/orca/Test-ORCA143.ps1
orca,ORCA.156,OK clean 1 ID : 1 function : no params,tests/orca/Test-ORCA156.Tests.ps1,4,Test-ORCA156,powershell/public/orca/Test-ORCA156.ps1
orca,ORCA.158,OK clean 1 ID : 1 function : no params,tests/orca/Test-ORCA158.Tests.ps1,4,Test-ORCA158,powershell/public/orca/Test-ORCA158.ps1
orca,ORCA.179,OK clean 1 ID : 1 function : no params,tests/orca/Test-ORCA179.Tests.ps1,4,Test-ORCA179,powershell/public/orca/Test-ORCA179.ps1
orca,ORCA.180,OK clean 1 ID : 1 function : no params,tests/orca/Test-ORCA180.Tests.ps1,4,Test-ORCA180,powershell/public/orca/Test-ORCA180.ps1
orca,ORCA.189.2,OK clean 1 ID : 1 function : no params,tests/orca/Test-ORCA189_2.Tests.ps1,4,Test-ORCA189_2,powershell/public/orca/Test-ORCA189_2.ps1
orca,ORCA.189,OK clean 1 ID : 1 function : no params,tests/orca/Test-ORCA189.Tests.ps1,4,Test-ORCA189,powershell/public/orca/Test-ORCA189.ps1
orca,ORCA.205,OK clean 1 ID : 1 function : no params,tests/orca/Test-ORCA205.Tests.ps1,4,Test-ORCA205,powershell/public/orca/Test-ORCA205.ps1
orca,ORCA.220,OK clean 1 ID : 1 function : no params,tests/orca/Test-ORCA220.Tests.ps1,4,Test-ORCA220,powershell/public/orca/Test-ORCA220.ps1
orca,ORCA.221,OK clean 1 ID : 1 function : no params,tests/orca/Test-ORCA221.Tests.ps1,4,Test-ORCA221,powershell/public/orca/Test-ORCA221.ps1
orca,ORCA.222,OK clean 1 ID : 1 function : no params,tests/orca/Test-ORCA222.Tests.ps1,4,Test-ORCA222,powershell/public/orca/Test-ORCA222.ps1
orca,ORCA.223,OK clean 1 ID : 1 function : no params,tests/orca/Test-ORCA223.Tests.ps1,4,Test-ORCA223,powershell/public/orca/Test-ORCA223.ps1
orca,ORCA.224,OK clean 1 ID : 1 function : no params,tests/orca/Test-ORCA224.Tests.ps1,4,Test-ORCA224,powershell/public/orca/Test-ORCA224.ps1
orca,ORCA.225,OK clean 1 ID : 1 function : no params,tests/orca/Test-ORCA225.Tests.ps1,4,Test-ORCA225,powershell/public/orca/Test-ORCA225.ps1
orca,ORCA.226,OK clean 1 ID : 1 function : no params,tests/orca/Test-ORCA226.Tests.ps1,4,Test-ORCA226,powershell/public/orca/Test-ORCA226.ps1
orca,ORCA.227,OK clean 1 ID : 1 function : no params,tests/orca/Test-ORCA227.Tests.ps1,4,Test-ORCA227,powershell/public/orca/Test-ORCA227.ps1
orca,ORCA.228,OK clean 1 ID : 1 function : no params,tests/orca/Test-ORCA228.Tests.ps1,4,Test-ORCA228,powershell/public/orca/Test-ORCA228.ps1
orca,ORCA.229,OK clean 1 ID : 1 function : no params,tests/orca/Test-ORCA229.Tests.ps1,4,Test-ORCA229,powershell/public/orca/Test-ORCA229.ps1
orca,ORCA.230,OK clean 1 ID : 1 function : no params,tests/orca/Test-ORCA230.Tests.ps1,4,Test-ORCA230,powershell/public/orca/Test-ORCA230.ps1
orca,ORCA.231,OK clean 1 ID : 1 function : no params,tests/orca/Test-ORCA231.Tests.ps1,4,Test-ORCA231,powershell/public/orca/Test-ORCA231.ps1
orca,ORCA.232,OK clean 1 ID : 1 function : no params,tests/orca/Test-ORCA232.Tests.ps1,4,Test-ORCA232,powershell/public/orca/Test-ORCA232.ps1
orca,ORCA.233.1,OK clean 1 ID : 1 function : no params,tests/orca/Test-ORCA233_1.Tests.ps1,4,Test-ORCA233_1,powershell/public/orca/Test-ORCA233_1.ps1
orca,ORCA.233,OK clean 1 ID : 1 function : no params,tests/orca/Test-ORCA233.Tests.ps1,4,Test-ORCA233,powershell/public/orca/Test-ORCA233.ps1
orca,ORCA.234,OK clean 1 ID : 1 function : no params,tests/orca/Test-ORCA234.Tests.ps1,4,Test-ORCA234,powershell/public/orca/Test-ORCA234.ps1
orca,ORCA.235,OK clean 1 ID : 1 function : no params,tests/orca/Test-ORCA235.Tests.ps1,4,Test-ORCA235,powershell/public/orca/Test-ORCA235.ps1
orca,ORCA.236,OK clean 1 ID : 1 function : no params,tests/orca/Test-ORCA236.Tests.ps1,4,Test-ORCA236,powershell/public/orca/Test-ORCA236.ps1
orca,ORCA.237,OK clean 1 ID : 1 function : no params,tests/orca/Test-ORCA237.Tests.ps1,4,Test-ORCA237,powershell/public/orca/Test-ORCA237.ps1
orca,ORCA.238,OK clean 1 ID : 1 function : no params,tests/orca/Test-ORCA238.Tests.ps1,4,Test-ORCA238,powershell/public/orca/Test-ORCA238.ps1
orca,ORCA.239,OK clean 1 ID : 1 function : no params,tests/orca/Test-ORCA239.Tests.ps1,4,Test-ORCA239,powershell/public/orca/Test-ORCA239.ps1
orca,ORCA.240,OK clean 1 ID : 1 function : no params,tests/orca/Test-ORCA240.Tests.ps1,4,Test-ORCA240,powershell/public/orca/Test-ORCA240.ps1
orca,ORCA.241,OK clean 1 ID : 1 function : no params,tests/orca/Test-ORCA241.Tests.ps1,4,Test-ORCA241,powershell/public/orca/Test-ORCA241.ps1
orca,ORCA.242,OK clean 1 ID : 1 function : no params,tests/orca/Test-ORCA242.Tests.ps1,4,Test-ORCA242,powershell/public/orca/Test-ORCA242.ps1
orca,ORCA.243,OK clean 1 ID : 1 function : no params,tests/orca/Test-ORCA243.Tests.ps1,4,Test-ORCA243,powershell/public/orca/Test-ORCA243.ps1
orca,ORCA.244,OK clean 1 ID : 1 function : no params,tests/orca/Test-ORCA244.Tests.ps1,4,Test-ORCA244,powershell/public/orca/Test-ORCA244.ps1
